Id,target
0,3
1,3
2,3
3,1
4,2
5,2
6,1
7,1
8,1
9,3
10,2
11,3
12,3
13,2
14,3
15,1
16,1
17,3
18,3
19,3
20,3
21,3
22,3
23,3
24,1
25,1
26,3
27,3
28,3
29,3
30,3
31,3
32,1
33,3
34,3
35,1
36,3
37,3
38,3
39,4
40,3
41,3
42,3
43,3
44,3
45,4
46,3
47,2
48,1
49,3
50,3
51,1
52,3
53,3
54,1
55,3
56,3
57,3
58,3
59,1
60,3
61,3
62,3
63,3
64,3
65,1
66,1
67,3
68,3
69,3
70,3
71,1
72,3
73,3
74,3
75,1
76,3
77,3
78,3
79,3
80,1
81,3
82,3
83,3
84,3
85,3
86,3
87,3
88,2
89,3
90,3
91,1
92,3
93,3
94,2
95,3
96,1
97,2
98,3
99,3
100,1
101,3
102,3
103,2
104,3
105,1
106,1
107,3
108,4
109,3
110,1
111,3
112,3
113,2
114,4
115,3
116,3
117,2
118,3
119,3
120,2
121,3
122,3
123,3
124,3
125,3
126,3
127,3
128,1
129,4
130,3
131,2
132,3
133,2
134,3
135,1
136,3
137,2
138,1
139,3
140,3
141,3
142,1
143,3
144,1
145,3
146,1
147,3
148,3
149,3
150,1
151,3
152,3
153,2
154,1
155,3
156,3
157,3
158,3
159,3
160,3
161,3
162,3
163,3
164,1
165,3
166,3
167,3
168,3
169,3
170,3
171,3
172,3
173,1
174,3
175,2
176,1
177,3
178,3
179,2
180,2
181,3
182,3
183,3
184,3
185,3
186,3
187,3
188,3
189,3
190,2
191,1
192,2
193,3
194,1
195,3
196,3
197,3
198,4
199,3
200,2
201,1
202,1
203,3
204,1
205,3
206,1
207,3
208,4
209,3
210,3
211,1
212,3
213,2
214,3
215,2
216,3
217,1
218,3
219,3
220,1
221,1
222,1
223,3
224,3
225,3
226,1
227,3
228,4
229,2
230,3
231,3
232,3
233,3
234,3
235,3
236,3
237,1
238,3
239,3
240,4
241,2
242,3
243,1
244,3
245,3
246,2
247,3
248,2
249,3
250,3
251,3
252,3
253,3
254,3
255,3
256,3
257,3
258,3
259,3
260,2
261,1
262,3
263,3
264,1
265,1
266,2
267,3
268,3
269,3
270,2
271,1
272,2
273,3
274,3
275,3
276,3
277,3
278,3
279,3
280,2
281,2
282,2
283,3
284,1
285,3
286,3
287,3
288,3
289,3
290,3
291,3
292,3
293,1
294,3
295,4
296,2
297,3
298,3
299,2
300,1
301,3
302,3
303,3
304,3
305,2
306,3
307,4
308,3
309,3
310,2
311,1
312,1
313,1
314,3
315,3
316,3
317,2
318,1
319,3
320,1
321,2
322,3
323,3
324,3
325,3
326,3
327,3
328,3
329,1
330,3
331,3
332,3
333,3
334,1
335,2
336,3
337,3
338,1
339,2
340,3
341,2
342,1
343,2
344,1
345,2
346,3
347,3
348,3
349,3
350,1
351,3
352,3
353,3
354,1
355,1
356,1
357,3
358,3
359,3
360,3
361,3
362,3
363,3
364,3
365,3
366,3
367,3
368,3
369,3
370,1
371,3
372,3
373,3
374,1
375,3
376,3
377,3
378,2
379,3
380,4
381,3
382,2
383,3
384,4
385,3
386,3
387,1
388,1
389,2
390,3
391,3
392,3
393,4
394,1
395,1
396,3
397,1
398,2
399,2
400,2
401,3
402,3
403,1
404,2
405,3
406,1
407,3
408,1
409,2
410,3
411,3
412,3
413,1
414,4
415,2
416,3
417,3
418,3
419,3
420,3
421,3
422,3
423,3
424,3
425,2
426,3
427,3
428,3
429,3
430,1
431,1
432,3
433,3
434,1
435,3
436,1
437,3
438,3
439,3
440,3
441,3
442,3
443,3
444,3
445,1
446,3
447,3
448,3
449,3
450,2
451,3
452,1
453,1
454,3
455,1
456,3
457,3
458,2
459,3
460,2
461,3
462,3
463,1
464,3
465,2
466,3
467,2
468,3
469,3
470,3
471,3
472,1
473,3
474,1
475,2
476,2
477,4
478,1
479,2
480,3
481,3
482,3
483,3
484,4
485,3
486,3
487,1
488,1
489,3
490,3
491,2
492,3
493,2
494,3
495,2
496,2
497,3
498,3
499,3
500,2
501,3
502,3
503,3
504,3
505,3
506,2
507,3
508,1
509,3
510,3
511,2
512,3
513,2
514,3
515,1
516,3
517,1
518,2
519,2
520,1
521,3
522,3
523,3
524,3
525,3
526,2
527,1
528,3
529,3
530,1
531,1
532,3
533,3
534,3
535,3
536,2
537,3
538,3
539,3
540,3
541,3
542,3
543,2
544,1
545,3
546,3
547,3
548,1
549,3
550,1
551,2
552,3
553,3
554,1
555,3
556,3
557,1
558,3
559,4
560,3
561,3
562,1
563,1
564,3
565,1
566,2
567,1
568,2
569,1
570,1
571,3
572,1
573,3
574,3
575,3
576,3
577,1
578,1
579,3
580,3
581,1
582,3
583,3
584,3
585,3
586,3
587,3
588,1
589,3
590,3
591,1
592,4
593,2
594,3
595,3
596,3
597,3
598,3
599,1
600,1
601,3
602,3
603,3
604,3
605,1
606,3
607,1
608,3
609,3
610,1
611,3
612,2
613,3
614,2
615,3
616,3
617,2
618,3
619,3
620,2
621,3
622,3
623,3
624,2
625,3
626,1
627,3
628,3
629,3
630,3
631,2
632,1
633,2
634,3
635,3
636,3
637,3
638,1
639,3
640,3
641,4
642,3
643,3
644,4
645,2
646,1
647,3
648,3
649,3
650,3
651,2
652,2
653,3
654,1
655,1
656,2
657,3
658,3
659,3
660,2
661,1
662,3
663,1
664,2
665,3
666,3
667,3
668,1
669,1
670,3
671,4
672,3
673,3
674,2
675,3
676,4
677,1
678,3
679,3
680,3
681,3
682,3
683,3
684,1
685,3
686,3
687,3
688,1
689,3
690,3
691,3
692,2
693,4
694,3
695,3
696,2
697,1
698,2
699,2
700,3
701,2
702,3
703,3
704,3
705,3
706,3
707,3
708,1
709,3
710,3
711,3
712,3
713,1
714,3
715,1
716,1
717,3
718,2
719,1
720,1
721,3
722,3
723,2
724,1
725,3
726,3
727,3
728,2
729,1
730,3
731,2
732,1
733,1
734,1
735,3
736,2
737,1
738,3
739,1
740,2
741,3
742,2
743,1
744,3
745,4
746,3
747,3
748,3
749,3
750,3
751,1
752,3
753,3
754,3
755,3
756,3
757,3
758,1
759,2
760,1
761,2
762,3
763,3
764,3
765,3
766,3
767,1
768,3
769,3
770,3
771,3
772,3
773,1
774,3
775,3
776,3
777,2
778,3
779,3
780,4
781,3
782,2
783,3
784,3
785,3
786,3
787,3
788,3
789,3
790,2
791,3
792,3
793,3
794,3
795,3
796,2
797,3
798,3
799,3
800,3
801,3
802,3
803,2
804,3
805,1
806,3
807,3
808,1
809,2
810,3
811,3
812,3
813,3
814,3
815,3
816,3
817,3
818,3
819,3
820,3
821,2
822,3
823,3
824,3
825,2
826,3
827,2
828,3
829,3
830,2
831,3
832,1
833,2
834,3
835,3
836,3
837,2
838,2
839,3
840,3
841,1
842,3
843,3
844,2
845,3
846,4
847,4
848,3
849,2
850,3
851,2
852,3
853,3
854,2
855,3
856,3
857,2
858,1
859,1
860,3
861,1
862,3
863,2
864,3
865,1
866,3
867,2
868,3
869,3
870,3
871,3
872,2
873,2
874,2
875,3
876,3
877,3
878,1
879,3
880,3
881,1
882,3
883,3
884,3
885,3
886,2
887,1
888,3
889,3
890,3
891,1
892,3
893,3
894,1
895,3
896,3
897,2
898,3
899,3
900,3
901,3
902,3
903,2
904,3
905,3
906,1
907,3
908,3
909,1
910,2
911,3
912,4
913,3
914,1
915,3
916,2
917,3
918,2
919,3
920,3
921,3
922,3
923,2
924,1
925,3
926,1
927,3
928,3
929,3
930,1
931,3
932,3
933,3
934,3
935,3
936,2
937,3
938,1
939,2
940,3
941,2
942,1
943,1
944,3
945,3
946,1
947,1
948,3
949,1
950,2
951,3
952,3
953,3
954,2
955,2
956,3
957,3
958,3
959,3
960,2
961,3
962,3
963,1
964,3
965,3
966,3
967,3
968,1
969,3
970,3
971,2
972,3
973,3
974,1
975,3
976,3
977,3
978,3
979,2
980,3
981,2
982,3
983,1
984,3
985,2
986,3
987,3
988,1
989,1
990,1
991,3
992,3
993,3
994,3
995,3
996,1
997,3
998,3
999,3
1000,2
1001,3
1002,4
1003,3
1004,1
1005,3
1006,1
1007,3
1008,1
1009,3
1010,3
1011,3
1012,3
1013,2
1014,3
1015,1
1016,3
1017,3
1018,3
1019,4
1020,2
1021,1
1022,3
1023,3
1024,3
1025,3
1026,3
1027,3
1028,3
1029,1
1030,3
1031,1
1032,3
1033,3
1034,3
1035,2
1036,1
1037,1
1038,1
1039,3
1040,3
1041,4
1042,2
1043,2
1044,2
1045,3
1046,2
1047,1
1048,1
1049,2
1050,2
1051,3
1052,1
1053,3
1054,3
1055,3
1056,3
1057,3
1058,3
1059,3
1060,2
1061,3
1062,2
1063,2
1064,3
1065,3
1066,3
1067,4
1068,1
1069,1
1070,2
1071,3
1072,4
1073,3
1074,3
1075,2
1076,3
1077,3
1078,3
1079,3
1080,3
1081,3
1082,2
1083,3
1084,3
1085,2
1086,2
1087,2
1088,3
1089,3
1090,3
1091,3
1092,4
1093,3
1094,1
1095,2
1096,3
1097,3
1098,3
1099,3
1100,3
1101,1
1102,2
1103,3
1104,2
1105,4
1106,4
1107,3
1108,3
1109,2
1110,4
1111,2
1112,3
1113,3
1114,3
1115,1
1116,1
1117,1
1118,2
1119,3
1120,3
1121,3
1122,3
1123,3
1124,3
1125,3
1126,1
1127,1
1128,2
1129,1
1130,1
1131,1
1132,3
1133,3
1134,1
1135,3
1136,3
1137,3
1138,3
1139,1
1140,1
1141,3
1142,1
1143,3
1144,1
1145,3
1146,3
1147,3
1148,3
1149,3
1150,1
1151,3
1152,1
1153,3
1154,1
1155,3
1156,3
1157,3
1158,3
1159,3
1160,2
1161,3
1162,3
1163,3
1164,3
1165,3
1166,2
1167,3
1168,3
1169,1
1170,3
1171,3
1172,3
1173,2
1174,3
1175,1
1176,3
1177,2
1178,3
1179,3
1180,3
1181,3
1182,1
1183,3
1184,3
1185,3
1186,1
1187,3
1188,3
1189,3
1190,3
1191,3
1192,1
1193,2
1194,3
1195,3
1196,3
1197,3
1198,2
1199,2
1200,4
1201,2
1202,2
1203,1
1204,3
1205,3
1206,3
1207,1
1208,2
1209,3
1210,1
1211,2
1212,4
1213,3
1214,2
1215,3
1216,1
1217,1
1218,2
1219,2
1220,1
1221,3
1222,1
1223,3
1224,3
1225,1
1226,2
1227,3
1228,4
1229,1
1230,3
1231,3
1232,2
1233,3
1234,3
1235,3
1236,3
1237,3
1238,3
1239,3
1240,3
1241,1
1242,2
1243,3
1244,1
1245,3
1246,3
1247,3
1248,3
1249,2
1250,1
1251,3
1252,2
1253,2
1254,2
1255,3
1256,3
1257,3
1258,3
1259,1
1260,2
1261,3
1262,1
1263,3
1264,3
1265,2
1266,3
1267,3
1268,1
1269,3
1270,3
1271,3
1272,3
1273,3
1274,3
1275,2
1276,3
1277,4
1278,3
1279,3
1280,3
1281,3
1282,1
1283,2
1284,4
1285,3
1286,3
1287,3
1288,3
1289,4
1290,3
1291,4
1292,3
1293,2
1294,3
1295,3
1296,3
1297,1
1298,3
1299,3
1300,4
1301,3
1302,1
1303,2
1304,2
1305,3
1306,3
1307,4
1308,2
1309,3
1310,3
1311,3
1312,3
1313,3
1314,2
1315,3
1316,3
1317,3
1318,3
1319,3
1320,3
1321,4
1322,3
1323,3
1324,3
1325,3
1326,2
1327,3
1328,3
1329,3
1330,1
1331,3
1332,3
1333,3
1334,1
1335,3
1336,2
1337,3
1338,3
1339,1
1340,3
1341,4
1342,3
1343,3
1344,3
1345,2
1346,2
1347,2
1348,2
1349,4
1350,3
1351,2
1352,3
1353,1
1354,3
1355,3
1356,3
1357,1
1358,3
1359,3
1360,3
1361,2
1362,3
1363,3
1364,3
1365,3
1366,3
1367,3
1368,3
1369,3
1370,3
1371,3
1372,1
1373,3
1374,3
1375,3
1376,3
1377,3
1378,3
1379,3
1380,3
1381,1
1382,3
1383,3
1384,4
1385,3
1386,3
1387,4
1388,3
1389,3
1390,1
1391,3
1392,2
1393,3
1394,3
1395,4
1396,3
1397,1
1398,3
1399,1
1400,3
1401,3
1402,2
1403,2
1404,1
1405,3
1406,3
1407,3
1408,3
1409,3
1410,4
1411,4
1412,1
1413,3
1414,3
1415,3
1416,2
1417,3
1418,3
1419,3
1420,3
1421,2
1422,3
1423,3
1424,2
1425,3
1426,3
1427,3
1428,3
1429,3
1430,3
1431,3
1432,3
1433,3
1434,3
1435,4
1436,3
1437,3
1438,3
1439,3
1440,3
1441,3
1442,4
1443,1
1444,3
1445,3
1446,3
1447,2
1448,3
1449,2
1450,3
1451,3
1452,3
1453,3
1454,3
1455,3
1456,1
1457,3
1458,2
1459,3
1460,3
1461,3
1462,3
1463,3
1464,3
1465,2
1466,3
1467,3
1468,3
1469,3
1470,3
1471,3
1472,3
1473,3
1474,3
1475,3
1476,3
1477,3
1478,3
1479,3
1480,3
1481,3
1482,1
1483,1
1484,3
1485,2
1486,1
1487,3
1488,4
1489,1
1490,1
1491,3
1492,3
1493,1
1494,1
1495,1
1496,1
1497,3
1498,3
1499,3
1500,3
1501,3
1502,3
1503,3
1504,1
1505,4
1506,1
1507,1
1508,3
1509,3
1510,3
1511,4
1512,1
1513,3
1514,3
1515,3
1516,3
1517,2
1518,2
1519,3
1520,3
1521,3
1522,3
1523,3
1524,2
1525,1
1526,3
1527,1
1528,1
1529,3
1530,2
1531,3
1532,3
1533,3
1534,3
1535,3
1536,3
1537,2
1538,1
1539,3
1540,3
1541,1
1542,2
1543,1
1544,4
1545,1
1546,3
1547,3
1548,3
1549,3
1550,3
1551,3
1552,2
1553,3
1554,3
1555,3
1556,3
1557,2
1558,3
1559,2
1560,3
1561,3
1562,3
1563,3
1564,3
1565,1
1566,3
1567,3
1568,3
1569,3
1570,3
1571,3
1572,1
1573,3
1574,2
1575,1
1576,1
1577,3
1578,3
1579,3
1580,2
1581,1
1582,3
1583,3
1584,1
1585,2
1586,1
1587,1
1588,3
1589,3
1590,1
1591,2
1592,1
1593,3
1594,3
1595,3
1596,2
1597,2
1598,3
1599,3
1600,3
1601,3
1602,1
1603,3
1604,3
1605,3
1606,1
1607,3
1608,3
1609,3
1610,3
1611,3
1612,3
1613,1
1614,2
1615,3
1616,3
1617,1
1618,2
1619,3
1620,3
1621,1
1622,3
1623,2
1624,3
1625,1
1626,3
1627,3
1628,3
1629,1
1630,3
1631,3
1632,3
1633,3
1634,3
1635,3
1636,3
1637,3
1638,3
1639,3
1640,3
1641,3
1642,1
1643,3
1644,2
1645,3
1646,3
1647,3
1648,2
1649,2
1650,2
1651,3
1652,3
1653,1
1654,3
1655,2
1656,3
1657,3
1658,4
1659,1
1660,3
1661,2
1662,2
1663,4
1664,1
1665,3
1666,3
1667,3
1668,3
1669,2
1670,3
1671,3
1672,3
1673,3
1674,3
1675,1
1676,3
1677,3
1678,3
1679,3
1680,2
1681,2
1682,3
1683,2
1684,2
1685,4
1686,3
1687,3
1688,3
1689,3
1690,4
1691,1
1692,3
1693,3
1694,3
1695,3
1696,3
1697,2
1698,1
1699,1
1700,2
1701,3
1702,3
1703,3
1704,3
1705,3
1706,1
1707,2
1708,1
1709,3
1710,3
1711,3
1712,3
1713,1
1714,2
1715,3
1716,2
1717,3
1718,1
1719,1
1720,3
1721,1
1722,3
1723,3
1724,2
1725,2
1726,3
1727,4
1728,1
1729,2
1730,3
1731,4
1732,3
1733,1
1734,3
1735,3
1736,1
1737,3
1738,3
1739,3
1740,1
1741,3
1742,1
1743,3
1744,1
1745,3
1746,1
1747,3
1748,3
1749,3
1750,3
1751,2
1752,3
1753,3
1754,1
1755,1
1756,1
1757,3
1758,2
1759,3
1760,3
1761,3
1762,4
1763,3
1764,2
1765,3
1766,2
1767,2
1768,3
1769,3
1770,3
1771,1
1772,3
1773,3
1774,3
1775,3
1776,4
1777,2
1778,3
1779,3
1780,3
1781,4
1782,3
1783,3
1784,3
1785,3
1786,2
1787,2
1788,3
1789,3
1790,3
1791,1
1792,3
1793,3
1794,3
1795,3
1796,3
1797,3
1798,3
1799,3
1800,2
1801,3
1802,2
1803,2
1804,3
1805,4
1806,3
1807,3
1808,3
1809,1
1810,3
1811,3
1812,2
1813,1
1814,3
1815,2
1816,3
1817,3
1818,2
1819,2
1820,3
1821,1
1822,3
1823,1
1824,3
1825,3
1826,3
1827,3
1828,3
1829,3
1830,3
1831,3
1832,3
1833,2
1834,3
1835,3
1836,2
1837,2
1838,3
1839,3
1840,1
1841,2
1842,1
1843,3
1844,3
1845,3
1846,1
1847,2
1848,3
1849,3
1850,3
1851,1
1852,3
1853,3
1854,1
1855,1
1856,3
1857,3
1858,3
1859,2
1860,1
1861,1
1862,2
1863,3
1864,3
1865,1
1866,3
1867,3
1868,3
1869,3
1870,2
1871,3
1872,3
1873,3
1874,3
1875,4
1876,3
1877,2
1878,3
1879,1
1880,2
1881,3
1882,1
1883,3
1884,3
1885,3
1886,3
1887,3
1888,3
1889,3
1890,1
1891,3
1892,3
1893,3
1894,3
1895,1
1896,3
1897,2
1898,3
1899,2
1900,3
1901,2
1902,1
1903,1
1904,3
1905,1
1906,3
1907,4
1908,4
1909,1
1910,2
1911,3
1912,3
1913,2
1914,2
1915,3
1916,3
1917,3
1918,3
1919,1
1920,3
1921,3
1922,3
1923,3
1924,1
1925,3
1926,3
1927,3
1928,2
1929,1
1930,1
1931,3
1932,3
1933,1
1934,3
1935,3
1936,4
1937,3
1938,3
1939,2
1940,1
1941,3
1942,3
1943,1
1944,3
1945,1
1946,4
1947,3
1948,3
1949,3
1950,3
1951,3
1952,1
1953,3
1954,3
1955,1
1956,3
1957,2
1958,3
1959,3
1960,3
1961,3
1962,3
1963,2
1964,3
1965,3
1966,1
1967,1
1968,3
1969,2
1970,2
1971,3
1972,2
1973,3
1974,1
1975,1
1976,1
1977,2
1978,3
1979,3
1980,3
1981,3
1982,3
1983,1
1984,3
1985,3
1986,3
1987,3
1988,3
1989,1
1990,3
1991,3
1992,2
1993,2
1994,3
1995,2
1996,3
1997,3
1998,1
1999,2
2000,2
2001,3
2002,2
2003,3
2004,3
2005,3
2006,3
2007,3
2008,3
2009,3
2010,3
2011,3
2012,2
2013,3
2014,1
2015,3
2016,3
2017,4
2018,1
2019,3
2020,3
2021,2
2022,3
2023,3
2024,2
2025,3
2026,3
2027,3
2028,3
2029,3
2030,3
2031,3
2032,3
2033,3
2034,3
2035,1
2036,2
2037,3
2038,2
2039,3
2040,3
2041,1
2042,3
2043,3
2044,3
2045,3
2046,3
2047,1
2048,4
2049,3
2050,3
2051,4
2052,1
2053,3
2054,3
2055,2
2056,3
2057,3
2058,2
2059,1
2060,3
2061,3
2062,3
2063,3
2064,3
2065,2
2066,3
2067,3
2068,2
2069,3
2070,3
2071,1
2072,2
2073,3
2074,1
2075,2
2076,2
2077,3
2078,3
2079,3
2080,3
2081,3
2082,3
2083,3
2084,1
2085,3
2086,3
2087,4
2088,2
2089,1
2090,3
2091,3
2092,3
2093,3
2094,3
2095,1
2096,3
2097,1
2098,2
2099,1
2100,3
2101,4
2102,3
2103,3
2104,3
2105,3
2106,1
2107,3
2108,2
2109,3
2110,3
2111,1
2112,1
2113,3
2114,2
2115,2
2116,3
2117,2
2118,3
2119,2
2120,4
2121,3
2122,3
2123,3
2124,3
2125,3
2126,2
2127,3
2128,4
2129,3
2130,3
2131,1
2132,3
2133,3
2134,3
2135,4
2136,3
2137,2
2138,3
2139,3
2140,1
2141,2
2142,3
2143,3
2144,3
2145,2
2146,3
2147,3
2148,1
2149,1
2150,2
2151,3
2152,3
2153,3
2154,3
2155,3
2156,3
2157,3
2158,3
2159,3
2160,3
2161,3
2162,3
2163,1
2164,3
2165,1
2166,3
2167,3
2168,2
2169,3
2170,3
2171,3
2172,3
2173,2
2174,2
2175,3
2176,1
2177,4
2178,3
2179,3
2180,3
2181,3
2182,2
2183,3
2184,3
2185,3
2186,3
2187,3
2188,2
2189,3
2190,2
2191,2
2192,4
2193,3
2194,3
2195,3
2196,2
2197,3
2198,2
2199,1
2200,3
2201,3
2202,3
2203,1
2204,3
2205,3
2206,4
2207,3
2208,3
2209,1
2210,4
2211,3
2212,3
2213,1
2214,4
2215,3
2216,1
2217,4
2218,3
2219,1
2220,3
2221,1
2222,1
2223,3
2224,2
2225,2
2226,2
2227,3
2228,1
2229,1
2230,1
2231,3
2232,3
2233,3
2234,1
2235,2
2236,1
2237,3
2238,3
2239,2
2240,1
2241,2
2242,3
2243,3
2244,3
2245,1
2246,3
2247,3
2248,2
2249,3
2250,3
2251,2
2252,3
2253,2
2254,2
2255,3
2256,4
2257,3
2258,3
2259,2
2260,3
2261,2
2262,3
2263,3
2264,3
2265,3
2266,1
2267,3
2268,1
2269,2
2270,3
2271,3
2272,1
2273,2
2274,3
2275,2
2276,3
2277,3
2278,2
2279,2
2280,3
2281,3
2282,3
2283,3
2284,3
2285,3
2286,1
2287,3
2288,3
2289,3
2290,2
2291,3
2292,2
2293,1
2294,3
2295,3
2296,1
2297,3
2298,1
2299,1
2300,3
2301,1
2302,3
2303,3
2304,3
2305,3
2306,4
2307,3
2308,1
2309,1
2310,2
2311,1
2312,1
2313,2
2314,1
2315,3
2316,3
2317,3
2318,3
2319,1
2320,3
2321,3
2322,2
2323,3
2324,3
2325,3
2326,1
2327,3
2328,3
2329,1
2330,2
2331,3
2332,1
2333,3
2334,3
2335,3
2336,1
2337,1
2338,2
2339,4
2340,3
2341,3
2342,1
2343,3
2344,3
2345,2
2346,1
2347,3
2348,3
2349,4
2350,3
2351,1
2352,1
2353,3
2354,3
2355,2
2356,2
2357,3
2358,2
2359,2
2360,3
2361,3
2362,4
2363,3
2364,3
2365,2
2366,2
2367,1
2368,3
2369,3
2370,3
2371,2
2372,3
2373,1
2374,1
2375,3
2376,3
2377,3
2378,3
2379,3
2380,3
2381,3
2382,2
2383,3
2384,4
2385,3
2386,3
2387,1
2388,3
2389,3
2390,3
2391,1
2392,3
2393,3
2394,2
2395,3
2396,4
2397,2
2398,3
2399,4
2400,3
2401,1
2402,3
2403,3
2404,3
2405,3
2406,3
2407,3
2408,3
2409,1
2410,3
2411,3
2412,3
2413,3
2414,2
2415,3
2416,1
2417,2
2418,2
2419,1
2420,3
2421,1
2422,3
2423,3
2424,1
2425,1
2426,3
2427,3
2428,3
2429,3
2430,3
2431,1
2432,3
2433,3
2434,3
2435,3
2436,2
2437,3
2438,3
2439,1
2440,3
2441,3
2442,3
2443,3
2444,3
2445,3
2446,3
2447,4
2448,3
2449,3
2450,3
2451,3
2452,1
2453,3
2454,1
2455,3
2456,3
2457,3
2458,3
2459,1
2460,1
2461,3
2462,2
2463,2
2464,2
2465,3
2466,3
2467,3
2468,2
2469,3
2470,3
2471,3
2472,4
2473,3
2474,3
2475,2
2476,3
2477,3
2478,1
2479,3
2480,1
2481,3
2482,3
2483,1
2484,3
2485,2
2486,3
2487,1
2488,3
2489,1
2490,3
2491,3
2492,3
2493,3
2494,3
2495,3
2496,2
2497,1
2498,1
2499,1
2500,3
2501,1
2502,3
2503,3
2504,2
2505,3
2506,1
2507,3
2508,1
2509,3
2510,3
2511,3
2512,2
2513,3
2514,1
2515,3
2516,3
2517,3
2518,1
2519,3
2520,3
2521,1
2522,1
2523,3
2524,1
2525,1
2526,1
2527,3
2528,3
2529,3
2530,3
2531,3
2532,3
2533,3
2534,2
2535,3
2536,4
2537,3
2538,4
2539,3
2540,2
2541,1
2542,1
2543,4
2544,2
2545,3
2546,3
2547,1
2548,3
2549,3
2550,3
2551,3
2552,3
2553,2
2554,2
2555,3
2556,3
2557,3
2558,3
2559,3
2560,3
2561,3
2562,3
2563,1
2564,3
2565,3
2566,3
2567,3
2568,3
2569,3
2570,1
2571,2
2572,3
2573,3
2574,4
2575,3
2576,3
2577,3
2578,2
2579,3
2580,1
2581,1
2582,3
2583,3
2584,3
2585,3
2586,2
2587,3
2588,2
2589,3
2590,3
2591,3
2592,3
2593,1
2594,1
2595,3
2596,2
2597,3
2598,4
2599,3
2600,3
2601,1
2602,3
2603,3
2604,3
2605,1
2606,3
2607,3
2608,3
2609,3
2610,3
2611,3
2612,1
2613,3
2614,3
2615,1
2616,3
2617,3
2618,3
2619,3
2620,3
2621,3
2622,3
2623,3
2624,3
2625,2
2626,3
2627,3
2628,1
2629,3
2630,1
2631,3
2632,3
2633,3
2634,3
2635,3
2636,1
2637,3
2638,2
2639,3
2640,1
2641,3
2642,3
2643,2
2644,3
2645,3
2646,3
2647,3
2648,3
2649,3
2650,1
2651,3
2652,1
2653,3
2654,2
2655,3
2656,1
2657,3
2658,1
2659,3
2660,3
2661,3
2662,2
2663,1
2664,3
2665,4
2666,2
2667,1
2668,3
2669,4
2670,3
2671,1
2672,3
2673,3
2674,3
2675,3
2676,3
2677,3
2678,2
2679,3
2680,2
2681,3
2682,2
2683,1
2684,3
2685,2
2686,3
2687,2
2688,3
2689,3
2690,2
2691,1
2692,2
2693,4
2694,3
2695,2
2696,3
2697,2
2698,3
2699,2
2700,3
2701,3
2702,2
2703,3
2704,3
2705,3
2706,3
2707,4
2708,1
2709,3
2710,3
2711,3
2712,2
2713,1
2714,4
2715,3
2716,3
2717,1
2718,1
2719,2
2720,3
2721,1
2722,1
2723,3
2724,3
2725,3
2726,1
2727,1
2728,3
2729,2
2730,3
2731,3
2732,3
2733,3
2734,2
2735,3
2736,3
2737,3
2738,1
2739,2
2740,3
2741,2
2742,4
2743,3
2744,4
2745,3
2746,1
2747,3
2748,3
2749,3
2750,3
2751,2
2752,3
2753,1
2754,3
2755,1
2756,1
2757,3
2758,3
2759,2
2760,1
2761,3
2762,3
2763,3
2764,2
2765,2
2766,3
2767,1
2768,3
2769,3
2770,1
2771,1
2772,3
2773,3
2774,1
2775,3
2776,2
2777,3
2778,1
2779,3
2780,3
2781,2
2782,3
2783,1
2784,3
2785,3
2786,3
2787,3
2788,3
2789,3
2790,3
2791,3
2792,1
2793,3
2794,3
2795,3
2796,3
2797,3
2798,2
2799,3
2800,1
2801,3
2802,3
2803,1
2804,3
2805,2
2806,1
2807,1
2808,3
2809,3
2810,1
2811,3
2812,2
2813,3
2814,3
2815,3
2816,1
2817,1
2818,3
2819,1
2820,3
2821,4
2822,3
2823,3
2824,2
2825,3
2826,1
2827,3
2828,1
2829,3
2830,3
2831,1
2832,3
2833,4
2834,3
2835,1
2836,3
2837,1
2838,1
2839,1
2840,3
2841,3
2842,3
2843,3
2844,3
2845,1
2846,3
2847,4
2848,3
2849,1
2850,1
2851,2
2852,3
2853,2
2854,3
2855,3
2856,3
2857,2
2858,3
2859,3
2860,3
2861,1
2862,3
2863,1
2864,3
2865,2
2866,2
2867,1
2868,3
2869,3
2870,3
2871,3
2872,1
2873,3
2874,3
2875,3
2876,3
2877,3
2878,3
2879,3
2880,1
2881,3
2882,3
2883,4
2884,1
2885,1
2886,1
2887,1
2888,2
2889,1
2890,3
2891,3
2892,3
2893,3
2894,3
2895,3
2896,3
2897,3
2898,3
2899,3
2900,3
2901,3
2902,2
2903,3
2904,2
2905,2
2906,3
2907,1
2908,1
2909,1
2910,3
2911,3
2912,3
2913,3
2914,3
2915,2
2916,1
2917,3
2918,2
2919,1
2920,3
2921,3
2922,3
2923,1
2924,3
2925,3
2926,3
2927,3
2928,3
2929,3
2930,3
2931,3
2932,1
2933,1
2934,4
2935,3
2936,1
2937,2
2938,3
2939,1
2940,2
2941,3
2942,3
2943,2
2944,1
2945,3
2946,3
2947,3
2948,3
2949,3
2950,3
2951,2
2952,3
2953,1
2954,2
2955,3
2956,1
2957,1
2958,1
2959,3
2960,1
2961,3
2962,3
2963,4
2964,1
2965,2
2966,3
2967,3
2968,1
2969,3
2970,3
2971,3
2972,2
2973,2
2974,2
2975,1
2976,3
2977,3
2978,2
2979,1
2980,1
2981,3
2982,3
2983,3
2984,1
2985,3
2986,3
2987,3
2988,3
2989,3
2990,3
2991,3
2992,3
2993,1
2994,2
2995,3
2996,3
2997,2
2998,3
2999,2
3000,3
3001,1
3002,3
3003,3
3004,3
3005,2
3006,3
3007,3
3008,1
3009,3
3010,3
3011,3
3012,3
3013,3
3014,4
3015,3
3016,3
3017,3
3018,3
3019,3
3020,3
3021,2
3022,3
3023,3
3024,1
3025,1
3026,3
3027,3
3028,1
3029,3
3030,3
3031,3
3032,2
3033,3
3034,3
3035,1
3036,3
3037,2
3038,1
3039,3
3040,3
3041,3
3042,4
3043,3
3044,1
3045,1
3046,3
3047,1
3048,1
3049,3
3050,3
3051,2
3052,1
3053,2
3054,3
3055,3
3056,3
3057,3
3058,3
3059,3
3060,4
3061,3
3062,3
3063,4
3064,3
3065,3
3066,3
3067,3
3068,4
3069,4
3070,1
3071,3
3072,3
3073,2
3074,2
3075,3
3076,1
3077,3
3078,3
3079,2
3080,1
3081,3
3082,1
3083,3
3084,3
3085,3
3086,3
3087,4
3088,3
3089,3
3090,3
3091,3
3092,3
3093,3
3094,4
3095,2
3096,4
3097,4
3098,3
3099,1
3100,3
3101,3
3102,1
3103,1
3104,1
3105,3
3106,3
3107,3
3108,1
3109,2
3110,1
3111,3
3112,1
3113,3
3114,3
3115,1
3116,1
3117,3
3118,3
3119,1
3120,2
3121,3
3122,2
3123,3
3124,3
3125,3
3126,2
3127,1
3128,1
3129,1
3130,1
3131,3
3132,3
3133,3
3134,1
3135,3
3136,3
3137,2
3138,3
3139,3
3140,3
3141,3
3142,3
3143,3
3144,3
3145,3
3146,4
3147,3
3148,2
3149,3
3150,1
3151,1
3152,3
3153,2
3154,3
3155,1
3156,3
3157,3
3158,3
3159,3
3160,3
3161,1
3162,3
3163,2
3164,3
3165,3
3166,3
3167,3
3168,3
3169,3
3170,3
3171,3
3172,3
3173,1
3174,2
3175,2
3176,3
3177,1
3178,3
3179,1
3180,3
3181,2
3182,1
3183,2
3184,3
3185,4
3186,2
3187,3
3188,1
3189,3
3190,3
3191,2
3192,2
3193,1
3194,1
3195,1
3196,3
3197,3
3198,2
3199,3
3200,3
3201,1
3202,3
3203,1
3204,1
3205,3
3206,3
3207,2
3208,2
3209,1
3210,3
3211,1
3212,3
3213,3
3214,3
3215,3
3216,3
3217,3
3218,3
3219,3
3220,3
3221,2
3222,3
3223,2
3224,3
3225,1
3226,3
3227,1
3228,3
3229,1
3230,2
3231,3
3232,3
3233,3
3234,4
3235,3
3236,3
3237,2
3238,3
3239,2
3240,3
3241,3
3242,3
3243,2
3244,3
3245,3
3246,3
3247,3
3248,3
3249,1
3250,3
3251,3
3252,3
3253,3
3254,3
3255,2
3256,4
3257,2
3258,3
3259,1
3260,1
3261,2
3262,3
3263,1
3264,1
3265,1
3266,4
3267,3
3268,3
3269,1
3270,2
3271,1
3272,3
3273,3
3274,3
3275,2
3276,3
3277,3
3278,1
3279,3
3280,3
3281,3
3282,3
3283,2
3284,3
3285,3
3286,1
3287,3
3288,3
3289,3
3290,3
3291,3
3292,2
3293,2
3294,3
3295,3
3296,3
3297,3
3298,1
3299,3
3300,2
3301,3
3302,3
3303,2
3304,2
3305,1
3306,2
3307,2
3308,3
3309,2
3310,3
3311,3
3312,3
3313,3
3314,3
3315,3
3316,3
3317,3
3318,2
3319,1
3320,3
3321,2
3322,3
3323,1
3324,3
3325,3
3326,3
3327,3
3328,2
3329,3
3330,2
3331,1
3332,2
3333,3
3334,1
3335,3
3336,3
3337,1
3338,3
3339,3
3340,2
3341,3
3342,1
3343,3
3344,3
3345,3
3346,3
3347,3
3348,3
3349,2
3350,1
3351,3
3352,3
3353,3
3354,3
3355,3
3356,1
3357,3
3358,1
3359,3
3360,1
3361,4
3362,3
3363,3
3364,3
3365,3
3366,3
3367,3
3368,2
3369,3
3370,1
3371,2
3372,3
3373,3
3374,1
3375,3
3376,3
3377,3
3378,3
3379,3
3380,1
3381,4
3382,3
3383,3
3384,3
3385,3
3386,2
3387,1
3388,3
3389,3
3390,1
3391,3
3392,1
3393,1
3394,1
3395,3
3396,2
3397,3
3398,1
3399,3
3400,3
3401,3
3402,3
3403,1
3404,3
3405,3
3406,4
3407,3
3408,3
3409,3
3410,3
3411,4
3412,1
3413,2
3414,3
3415,3
3416,3
3417,3
3418,3
3419,1
3420,3
3421,3
3422,1
3423,3
3424,3
3425,3
3426,3
3427,3
3428,3
3429,3
3430,3
3431,3
3432,3
3433,3
3434,3
3435,3
3436,1
3437,3
3438,1
3439,3
3440,3
3441,4
3442,3
3443,2
3444,3
3445,3
3446,2
3447,3
3448,4
3449,3
3450,1
3451,1
3452,3
3453,3
3454,2
3455,1
3456,1
3457,2
3458,3
3459,2
3460,2
3461,3
3462,2
3463,3
3464,3
3465,3
3466,1
3467,1
3468,3
3469,3
3470,3
3471,3
3472,3
3473,1
3474,2
3475,2
3476,1
3477,3
3478,1
3479,3
3480,3
3481,3
3482,3
3483,3
3484,1
3485,2
3486,3
3487,3
3488,1
3489,2
3490,1
3491,1
3492,3
3493,1
3494,3
3495,3
3496,2
3497,3
3498,3
3499,3
3500,1
3501,3
3502,3
3503,1
3504,1
3505,3
3506,3
3507,3
3508,3
3509,3
3510,3
3511,3
3512,3
3513,3
3514,4
3515,3
3516,3
3517,3
3518,3
3519,1
3520,4
3521,3
3522,3
3523,3
3524,3
3525,3
3526,2
3527,3
3528,3
3529,3
3530,2
3531,3
3532,3
3533,1
3534,3
3535,3
3536,3
3537,3
3538,3
3539,3
3540,3
3541,4
3542,1
3543,3
3544,3
3545,1
3546,3
3547,3
3548,3
3549,3
3550,3
3551,3
3552,3
3553,1
3554,3
3555,4
3556,1
3557,2
3558,3
3559,3
3560,3
3561,3
3562,1
3563,3
3564,1
3565,3
3566,3
3567,3
3568,1
3569,3
3570,3
3571,3
3572,3
3573,3
3574,2
3575,1
3576,2
3577,3
3578,1
3579,3
3580,3
3581,3
3582,3
3583,3
3584,3
3585,3
3586,3
3587,2
3588,3
3589,4
3590,4
3591,2
3592,3
3593,3
3594,4
3595,3
3596,3
3597,1
3598,3
3599,3
3600,3
3601,2
3602,3
3603,4
3604,1
3605,1
3606,1
3607,3
3608,2
3609,1
3610,3
3611,1
3612,3
3613,2
3614,3
3615,3
3616,2
3617,3
3618,3
3619,3
3620,2
3621,2
3622,3
3623,3
3624,3
3625,2
3626,3
3627,3
3628,2
3629,3
3630,3
3631,3
3632,1
3633,3
3634,3
3635,1
3636,3
3637,3
3638,3
3639,2
3640,3
3641,3
3642,3
3643,3
3644,3
3645,4
3646,2
3647,3
3648,1
3649,3
3650,2
3651,3
3652,3
3653,3
3654,1
3655,3
3656,3
3657,3
3658,3
3659,3
3660,3
3661,3
3662,4
3663,3
3664,3
3665,3
3666,3
3667,3
3668,3
3669,3
3670,3
3671,3
3672,3
3673,1
3674,4
3675,3
3676,1
3677,3
3678,1
3679,3
3680,3
3681,1
3682,1
3683,3
3684,1
3685,3
3686,3
3687,1
3688,3
3689,2
3690,3
3691,3
3692,3
3693,1
3694,3
3695,3
3696,3
3697,2
3698,3
3699,2
3700,1
3701,4
3702,1
3703,3
3704,3
3705,3
3706,3
3707,3
3708,3
3709,3
3710,2
3711,3
3712,1
3713,1
3714,3
3715,3
3716,3
3717,3
3718,3
3719,3
3720,3
3721,3
3722,3
3723,4
3724,3
3725,3
3726,1
3727,3
3728,3
3729,1
3730,1
3731,1
3732,3
3733,3
3734,2
3735,3
3736,3
3737,3
3738,2
3739,3
3740,2
3741,3
3742,3
3743,3
3744,3
3745,3
3746,3
3747,1
3748,4
3749,3
3750,1
3751,3
3752,3
3753,3
3754,2
3755,2
3756,1
3757,3
3758,3
3759,3
3760,3
3761,1
3762,1
3763,3
3764,3
3765,3
3766,3
3767,3
3768,1
3769,2
3770,3
3771,2
3772,3
3773,1
3774,3
3775,3
3776,1
3777,1
3778,2
3779,1
3780,3
3781,3
3782,1
3783,1
3784,3
3785,3
3786,2
3787,1
3788,3
3789,2
3790,3
3791,3
3792,3
3793,3
3794,3
3795,1
3796,3
3797,3
3798,3
3799,3
3800,1
3801,3
3802,3
3803,3
3804,1
3805,1
3806,3
3807,3
3808,3
3809,3
3810,3
3811,3
3812,3
3813,3
3814,3
3815,3
3816,3
3817,1
3818,2
3819,3
3820,3
3821,3
3822,3
3823,3
3824,3
3825,3
3826,1
3827,2
3828,3
3829,3
3830,3
3831,1
3832,3
3833,3
3834,2
3835,4
3836,2
3837,3
3838,3
3839,3
3840,1
3841,3
3842,2
3843,3
3844,1
3845,3
3846,3
3847,3
3848,1
3849,1
3850,1
3851,3
3852,3
3853,4
3854,1
3855,3
3856,1
3857,3
3858,2
3859,3
3860,3
3861,3
3862,2
3863,4
3864,1
3865,2
3866,4
3867,2
3868,3
3869,3
3870,3
3871,3
3872,3
3873,3
3874,4
3875,3
3876,3
3877,1
3878,1
3879,3
3880,2
3881,2
3882,1
3883,3
3884,3
3885,3
3886,4
3887,1
3888,3
3889,3
3890,1
3891,2
3892,3
3893,3
3894,3
3895,2
3896,3
3897,2
3898,3
3899,4
3900,2
3901,2
3902,1
3903,3
3904,3
3905,2
3906,3
3907,3
3908,1
3909,4
3910,2
3911,3
3912,1
3913,3
3914,3
3915,2
3916,3
3917,1
3918,3
3919,3
3920,1
3921,1
3922,3
3923,3
3924,2
3925,3
3926,3
3927,3
3928,2
3929,3
3930,2
3931,2
3932,3
3933,2
3934,1
3935,3
3936,2
3937,3
3938,3
3939,2
3940,3
3941,1
3942,3
3943,3
3944,3
3945,3
3946,3
3947,3
3948,1
3949,3
3950,2
3951,2
3952,1
3953,2
3954,3
3955,3
3956,3
3957,4
3958,1
3959,1
3960,3
3961,3
3962,3
3963,3
3964,3
3965,1
3966,2
3967,3
3968,3
3969,3
3970,2
3971,2
3972,3
3973,3
3974,3
3975,4
3976,3
3977,4
3978,3
3979,3
3980,3
3981,3
3982,4
3983,3
3984,3
3985,3
3986,2
3987,1
3988,3
3989,3
3990,3
3991,1
3992,3
3993,2
3994,3
3995,3
3996,1
3997,1
3998,3
3999,3
4000,1
4001,3
4002,3
4003,3
4004,2
4005,3
4006,1
4007,3
4008,1
4009,3
4010,3
4011,3
4012,3
4013,3
4014,3
4015,4
4016,3
4017,1
4018,3
4019,2
4020,3
4021,3
4022,3
4023,2
4024,4
4025,3
4026,3
4027,1
4028,3
4029,3
4030,2
4031,3
4032,3
4033,3
4034,3
4035,2
4036,3
4037,3
4038,3
4039,2
4040,3
4041,3
4042,2
4043,3
4044,3
4045,3
4046,1
4047,3
4048,3
4049,3
4050,3
4051,3
4052,3
4053,3
4054,3
4055,3
4056,3
4057,3
4058,3
4059,3
4060,3
4061,3
4062,3
4063,3
4064,3
4065,3
4066,4
4067,3
4068,3
4069,3
4070,3
4071,3
4072,3
4073,3
4074,1
4075,1
4076,3
4077,3
4078,3
4079,3
4080,3
4081,3
4082,3
4083,1
4084,3
4085,3
4086,3
4087,1
4088,3
4089,3
4090,3
4091,3
4092,4
4093,3
4094,3
4095,3
4096,3
4097,3
4098,3
4099,3
4100,3
4101,4
4102,2
4103,3
4104,3
4105,2
4106,3
4107,3
4108,1
4109,1
4110,3
4111,3
4112,2
4113,3
4114,4
4115,3
4116,1
4117,3
4118,3
4119,3
4120,3
4121,3
4122,3
4123,3
4124,1
4125,3
4126,3
4127,2
4128,3
4129,3
4130,1
4131,3
4132,3
4133,3
4134,2
4135,2
4136,3
4137,2
4138,1
4139,3
4140,3
4141,1
4142,1
4143,3
4144,3
4145,3
4146,3
4147,2
4148,3
4149,3
4150,3
4151,3
4152,1
4153,1
4154,3
4155,4
4156,3
4157,1
4158,1
4159,3
4160,3
4161,2
4162,1
4163,3
4164,3
4165,2
4166,3
4167,2
4168,1
4169,2
4170,3
4171,3
4172,1
4173,3
4174,1
4175,3
4176,1
4177,4
4178,3
4179,3
4180,3
4181,3
4182,4
4183,1
4184,3
4185,3
4186,3
4187,1
4188,3
4189,3
4190,1
4191,3
4192,3
4193,1
4194,2
4195,3
4196,2
4197,2
4198,3
4199,2
4200,3
4201,1
4202,2
4203,3
4204,3
4205,3
4206,3
4207,3
4208,4
4209,1
4210,3
4211,3
4212,3
4213,3
4214,3
4215,3
4216,3
4217,3
4218,1
4219,2
4220,2
4221,1
4222,2
4223,1
4224,1
4225,3
4226,3
4227,3
4228,3
4229,3
4230,2
4231,3
4232,3
4233,2
4234,3
4235,3
4236,2
4237,1
4238,3
4239,3
4240,4
4241,3
4242,3
4243,3
4244,3
4245,3
4246,3
4247,2
4248,3
4249,1
4250,2
4251,1
4252,3
4253,3
4254,3
4255,3
4256,2
4257,3
4258,2
4259,3
4260,3
4261,3
4262,3
4263,1
4264,3
4265,3
4266,3
4267,1
4268,3
4269,3
4270,3
4271,1
4272,3
4273,2
4274,3
4275,3
4276,3
4277,3
4278,3
4279,3
4280,2
4281,3
4282,4
4283,2
4284,3
4285,3
4286,1
4287,3
4288,3
4289,3
4290,1
4291,1
4292,3
4293,3
4294,1
4295,2
4296,3
4297,3
4298,3
4299,3
4300,2
4301,2
4302,1
4303,3
4304,3
4305,3
4306,3
4307,3
4308,3
4309,3
4310,3
4311,3
4312,3
4313,3
4314,1
4315,3
4316,3
4317,3
4318,3
4319,3
4320,3
4321,2
4322,1
4323,1
4324,3
4325,3
4326,3
4327,2
4328,1
4329,1
4330,3
4331,3
4332,3
4333,3
4334,3
4335,3
4336,1
4337,2
4338,3
4339,3
4340,3
4341,3
4342,1
4343,3
4344,3
4345,3
4346,3
4347,3
4348,3
4349,1
4350,3
4351,1
4352,3
4353,3
4354,3
4355,1
4356,3
4357,3
4358,3
4359,3
4360,3
4361,3
4362,3
4363,1
4364,3
4365,3
4366,3
4367,2
4368,1
4369,3
4370,3
4371,1
4372,3
4373,2
4374,2
4375,3
4376,3
4377,1
4378,1
4379,2
4380,1
4381,1
4382,3
4383,4
4384,3
4385,3
4386,3
4387,3
4388,3
4389,3
4390,3
4391,4
4392,2
4393,3
4394,3
4395,3
4396,3
4397,3
4398,1
4399,3
4400,3
4401,2
4402,3
4403,3
4404,3
4405,3
4406,3
4407,2
4408,1
4409,2
4410,2
4411,3
4412,1
4413,3
4414,3
4415,3
4416,2
4417,3
4418,3
4419,3
4420,1
4421,3
4422,3
4423,3
4424,3
4425,1
4426,3
4427,3
4428,3
4429,1
4430,3
4431,3
4432,2
4433,1
4434,3
4435,2
4436,3
4437,3
4438,4
4439,3
4440,3
4441,3
4442,4
4443,3
4444,3
4445,1
4446,3
4447,1
4448,3
4449,3
4450,3
4451,3
4452,2
4453,1
4454,1
4455,3
4456,3
4457,1
4458,3
4459,3
4460,2
4461,3
4462,1
4463,3
4464,2
4465,3
4466,4
4467,1
4468,4
4469,4
4470,3
4471,3
4472,3
4473,3
4474,3
4475,3
4476,1
4477,2
4478,2
4479,3
4480,2
4481,3
4482,2
4483,3
4484,2
4485,3
4486,1
4487,4
4488,3
4489,3
4490,3
4491,2
4492,3
4493,3
4494,3
4495,1
4496,2
4497,4
4498,3
4499,2
4500,2
4501,3
4502,2
4503,3
4504,1
4505,1
4506,3
4507,3
4508,2
4509,2
4510,3
4511,3
4512,1
4513,3
4514,3
4515,3
4516,3
4517,3
4518,1
4519,2
4520,1
4521,3
4522,1
4523,3
4524,3
4525,3
4526,1
4527,1
4528,3
4529,3
4530,3
4531,1
4532,2
4533,3
4534,2
4535,3
4536,3
4537,3
4538,2
4539,1
4540,1
4541,1
4542,3
4543,2
4544,3
4545,1
4546,1
4547,3
4548,2
4549,3
4550,3
4551,1
4552,3
4553,2
4554,4
4555,2
4556,3
4557,2
4558,3
4559,3
4560,3
4561,3
4562,2
4563,3
4564,3
4565,2
4566,3
4567,3
4568,3
4569,1
4570,3
4571,3
4572,3
4573,3
4574,3
4575,3
4576,4
4577,2
4578,3
4579,3
4580,3
4581,2
4582,3
4583,2
4584,4
4585,2
4586,1
4587,3
4588,3
4589,3
4590,1
4591,2
4592,2
4593,3
4594,3
4595,3
4596,3
4597,3
4598,3
4599,3
4600,2
4601,3
4602,4
4603,3
4604,3
4605,3
4606,1
4607,3
4608,1
4609,3
4610,2
4611,3
4612,3
4613,1
4614,3
4615,4
4616,1
4617,3
4618,3
4619,3
4620,1
4621,3
4622,1
4623,1
4624,1
4625,1
4626,3
4627,1
4628,2
4629,3
4630,2
4631,3
4632,4
4633,3
4634,3
4635,4
4636,3
4637,3
4638,2
4639,1
4640,3
4641,2
4642,1
4643,2
4644,3
4645,1
4646,3
4647,2
4648,2
4649,3
4650,1
4651,2
4652,2
4653,2
4654,3
4655,3
4656,3
4657,3
4658,2
4659,1
4660,2
4661,3
4662,2
4663,3
4664,1
4665,1
4666,3
4667,3
4668,3
4669,3
4670,3
4671,3
4672,1
4673,3
4674,3
4675,3
4676,3
4677,1
4678,2
4679,3
4680,3
4681,3
4682,3
4683,3
4684,2
4685,3
4686,3
4687,3
4688,3
4689,3
4690,2
4691,3
4692,1
4693,3
4694,2
4695,2
4696,3
4697,1
4698,3
4699,4
4700,3
4701,1
4702,3
4703,3
4704,1
4705,3
4706,3
4707,4
4708,1
4709,3
4710,4
4711,3
4712,3
4713,3
4714,1
4715,3
4716,3
4717,3
4718,1
4719,3
4720,3
4721,3
4722,3
4723,1
4724,1
4725,2
4726,2
4727,1
4728,3
4729,3
4730,3
4731,3
4732,3
4733,1
4734,3
4735,3
4736,2
4737,3
4738,3
4739,3
4740,3
4741,3
4742,4
4743,4
4744,3
4745,2
4746,3
4747,4
4748,3
4749,2
4750,3
4751,3
4752,2
4753,2
4754,3
4755,3
4756,1
4757,1
4758,3
4759,3
4760,3
4761,2
4762,3
4763,2
4764,1
4765,3
4766,3
4767,3
4768,3
4769,3
4770,1
4771,3
4772,3
4773,3
4774,3
4775,2
4776,4
4777,2
4778,3
4779,3
4780,1
4781,3
4782,3
4783,3
4784,3
4785,1
4786,3
4787,3
4788,1
4789,3
4790,3
4791,3
4792,1
4793,3
4794,1
4795,1
4796,3
4797,3
4798,3
4799,3
4800,3
4801,4
4802,3
4803,3
4804,3
4805,1
4806,1
4807,2
4808,3
4809,3
4810,2
4811,1
4812,3
4813,3
4814,3
4815,1
4816,3
4817,3
4818,3
4819,3
4820,3
4821,3
4822,3
4823,3
4824,3
4825,3
4826,3
4827,3
4828,3
4829,3
4830,3
4831,3
4832,3
4833,3
4834,3
4835,3
4836,1
4837,3
4838,3
4839,3
4840,3
4841,1
4842,1
4843,1
4844,3
4845,3
4846,3
4847,1
4848,4
4849,3
4850,3
4851,1
4852,3
4853,3
4854,3
4855,3
4856,3
4857,3
4858,3
4859,3
4860,3
4861,1
4862,1
4863,3
4864,3
4865,3
4866,3
4867,3
4868,3
4869,1
4870,2
4871,3
4872,1
4873,3
4874,1
4875,3
4876,3
4877,3
4878,1
4879,4
4880,3
4881,2
4882,3
4883,1
4884,1
4885,3
4886,1
4887,4
4888,4
4889,3
4890,3
4891,3
4892,3
4893,3
4894,3
4895,3
4896,3
4897,3
4898,3
4899,3
4900,3
4901,3
4902,3
4903,1
4904,3
4905,3
4906,4
4907,3
4908,3
4909,2
4910,4
4911,3
4912,3
4913,4
4914,3
4915,3
4916,3
4917,3
4918,1
4919,3
4920,4
4921,3
4922,1
4923,3
4924,2
4925,3
4926,2
4927,2
4928,2
4929,3
4930,3
4931,3
4932,3
4933,3
4934,3
4935,3
4936,3
4937,3
4938,3
4939,3
4940,3
4941,1
4942,3
4943,2
4944,2
4945,3
4946,3
4947,3
4948,3
4949,2
4950,1
4951,1
4952,1
4953,2
4954,1
4955,3
4956,3
4957,3
4958,2
4959,3
4960,3
4961,1
4962,3
4963,3
4964,1
4965,1
4966,1
4967,3
4968,3
4969,2
4970,3
4971,1
4972,2
4973,1
4974,1
4975,3
4976,1
4977,4
4978,3
4979,2
4980,3
4981,3
4982,3
4983,4
4984,2
4985,3
4986,3
4987,3
4988,3
4989,3
4990,2
4991,2
4992,1
4993,1
4994,2
4995,3
4996,3
4997,3
4998,2
4999,3
5000,3
5001,3
5002,3
5003,3
5004,3
5005,1
5006,2
5007,3
5008,3
5009,3
5010,3
5011,3
5012,2
5013,3
5014,3
5015,1
5016,3
5017,2
5018,2
5019,3
5020,3
5021,3
5022,3
5023,4
5024,3
5025,2
5026,3
5027,3
5028,2
5029,3
5030,3
5031,3
5032,3
5033,3
5034,3
5035,3
5036,3
5037,1
5038,4
5039,3
5040,3
5041,1
5042,2
5043,3
5044,3
5045,3
5046,3
5047,3
5048,3
5049,3
5050,3
5051,2
5052,3
5053,3
5054,3
5055,3
5056,3
5057,3
5058,1
5059,1
5060,3
5061,3
5062,3
5063,2
5064,3
5065,3
5066,3
5067,4
5068,3
5069,4
5070,2
5071,1
5072,1
5073,1
5074,3
5075,3
5076,3
5077,3
5078,3
5079,3
5080,3
5081,1
5082,3
5083,3
5084,3
5085,2
5086,1
5087,3
5088,1
5089,1
5090,3
5091,1
5092,1
5093,1
5094,4
5095,1
5096,3
5097,2
5098,1
5099,2
5100,1
5101,3
5102,4
5103,1
5104,3
5105,1
5106,3
5107,1
5108,1
5109,3
5110,3
5111,3
5112,3
5113,3
5114,3
5115,3
5116,3
5117,3
5118,3
5119,3
5120,2
5121,3
5122,3
5123,3
5124,3
5125,1
5126,3
5127,3
5128,3
5129,3
5130,2
5131,3
5132,3
5133,3
5134,2
5135,3
5136,3
5137,2
5138,3
5139,4
5140,3
5141,3
5142,3
5143,3
5144,3
5145,3
5146,2
5147,3
5148,3
5149,3
5150,3
5151,3
5152,4
5153,4
5154,3
5155,1
5156,1
5157,1
5158,3
5159,2
5160,4
5161,3
5162,4
5163,3
5164,3
5165,2
5166,2
5167,3
5168,3
5169,1
5170,3
5171,1
5172,3
5173,1
5174,3
5175,2
5176,3
5177,3
5178,3
5179,3
5180,3
5181,3
5182,2
5183,3
5184,1
5185,3
5186,3
5187,2
5188,3
5189,1
5190,3
5191,3
5192,3
5193,4
5194,1
5195,3
5196,1
5197,3
5198,2
5199,3
5200,3
5201,3
5202,1
5203,3
5204,1
5205,1
5206,2
5207,3
5208,3
5209,1
5210,3
5211,3
5212,3
5213,3
5214,3
5215,4
5216,4
5217,3
5218,2
5219,3
5220,3
5221,1
5222,3
5223,1
5224,1
5225,1
5226,1
5227,1
5228,3
5229,1
5230,3
5231,3
5232,3
5233,2
5234,3
5235,3
5236,3
5237,4
5238,3
5239,2
5240,3
5241,3
5242,3
5243,3
5244,2
5245,3
5246,3
5247,3
5248,3
5249,2
5250,3
5251,2
5252,3
5253,2
5254,3
5255,3
5256,2
5257,1
5258,1
5259,1
5260,3
5261,3
5262,3
5263,3
5264,2
5265,1
5266,1
5267,3
5268,3
5269,2
5270,1
5271,2
5272,3
5273,3
5274,3
5275,2
5276,3
5277,3
5278,3
5279,3
5280,1
5281,3
5282,1
5283,3
5284,3
5285,1
5286,3
5287,2
5288,1
5289,2
5290,3
5291,3
5292,2
5293,3
5294,3
5295,1
5296,3
5297,3
5298,3
5299,3
5300,2
5301,2
5302,3
5303,3
5304,3
5305,3
5306,3
5307,1
5308,2
5309,3
5310,3
5311,3
5312,3
5313,3
5314,3
5315,3
5316,3
5317,3
5318,3
5319,2
5320,3
5321,3
5322,3
5323,2
5324,3
5325,3
5326,3
5327,2
5328,4
5329,1
5330,3
5331,2
5332,3
5333,3
5334,3
5335,3
5336,3
5337,3
5338,3
5339,3
5340,3
5341,3
5342,3
5343,3
5344,4
5345,1
5346,3
5347,4
5348,4
5349,4
5350,1
5351,3
5352,3
5353,3
5354,3
5355,3
5356,3
5357,3
5358,3
5359,4
5360,3
5361,2
5362,3
5363,3
5364,3
5365,3
5366,3
5367,3
5368,3
5369,3
5370,1
5371,1
5372,1
5373,3
5374,3
5375,3
5376,3
5377,3
5378,1
5379,1
5380,3
5381,2
5382,1
5383,1
5384,3
5385,3
5386,4
5387,1
5388,3
5389,3
5390,3
5391,3
5392,3
5393,3
5394,3
5395,3
5396,3
5397,2
5398,3
5399,2
5400,3
5401,3
5402,3
5403,3
5404,1
5405,4
5406,3
5407,1
5408,3
5409,3
5410,3
5411,3
5412,3
5413,3
5414,3
5415,3
5416,3
5417,3
5418,1
5419,3
5420,3
5421,4
5422,2
5423,3
5424,3
5425,1
5426,3
5427,2
5428,3
5429,3
5430,3
5431,3
5432,1
5433,3
5434,4
5435,1
5436,1
5437,1
5438,3
5439,3
5440,2
5441,3
5442,2
5443,1
5444,3
5445,3
5446,3
5447,3
5448,2
5449,3
5450,3
5451,1
5452,3
5453,3
5454,3
5455,4
5456,3
5457,3
5458,3
5459,3
5460,3
5461,1
5462,1
5463,4
5464,3
5465,3
5466,3
5467,2
5468,3
5469,1
5470,3
5471,1
5472,4
5473,1
5474,3
5475,2
5476,3
5477,3
5478,3
5479,2
5480,3
5481,3
5482,3
5483,3
5484,3
5485,3
5486,3
5487,3
5488,1
5489,3
5490,1
5491,3
5492,3
5493,3
5494,3
5495,3
5496,3
5497,3
5498,3
5499,1
5500,3
5501,3
5502,3
5503,3
5504,1
5505,2
5506,3
5507,1
5508,2
5509,3
5510,1
5511,1
5512,3
5513,3
5514,3
5515,2
5516,3
5517,3
5518,2
5519,2
5520,3
5521,3
5522,2
5523,3
5524,3
5525,3
5526,3
5527,3
5528,3
5529,3
5530,3
5531,3
5532,2
5533,1
5534,1
5535,3
5536,1
5537,3
5538,1
5539,1
5540,3
5541,2
5542,3
5543,3
5544,2
5545,1
5546,1
5547,3
5548,3
5549,3
5550,3
5551,1
5552,3
5553,3
5554,3
5555,1
5556,3
5557,1
5558,4
5559,3
5560,2
5561,1
5562,2
5563,3
5564,3
5565,3
5566,1
5567,3
5568,3
5569,2
5570,3
5571,2
5572,2
5573,3
5574,1
5575,3
5576,3
5577,1
5578,3
5579,1
5580,3
5581,1
5582,3
5583,2
5584,3
5585,2
5586,1
5587,2
5588,3
5589,1
5590,3
5591,3
5592,3
5593,1
5594,3
5595,3
5596,2
5597,1
5598,1
5599,3
5600,3
5601,2
5602,3
5603,3
5604,3
5605,1
5606,1
5607,3
5608,3
5609,3
5610,3
5611,2
5612,3
5613,1
5614,3
5615,2
5616,3
5617,2
5618,3
5619,3
5620,4
5621,2
5622,3
5623,3
5624,2
5625,3
5626,3
5627,3
5628,1
5629,1
5630,3
5631,3
5632,3
5633,2
5634,1
5635,3
5636,3
5637,3
5638,3
5639,3
5640,3
5641,1
5642,3
5643,3
5644,3
5645,4
5646,3
5647,3
5648,1
5649,3
5650,2
5651,3
5652,3
5653,1
5654,3
5655,1
5656,3
5657,2
5658,2
5659,1
5660,3
5661,3
5662,3
5663,3
5664,3
5665,3
5666,2
5667,3
5668,2
5669,3
5670,2
5671,3
5672,1
5673,3
5674,3
5675,3
5676,3
5677,3
5678,3
5679,3
5680,3
5681,4
5682,3
5683,1
5684,3
5685,3
5686,3
5687,1
5688,3
5689,3
5690,3
5691,3
5692,3
5693,3
5694,4
5695,2
5696,3
5697,3
5698,2
5699,3
5700,3
5701,3
5702,3
5703,3
5704,3
5705,3
5706,3
5707,1
5708,3
5709,3
5710,3
5711,3
5712,2
5713,3
5714,1
5715,3
5716,3
5717,2
5718,3
5719,3
5720,3
5721,3
5722,3
5723,3
5724,3
5725,3
5726,3
5727,3
5728,4
5729,1
5730,3
5731,3
5732,3
5733,4
5734,3
5735,3
5736,2
5737,3
5738,3
5739,3
5740,3
5741,2
5742,3
5743,3
5744,3
5745,2
5746,1
5747,4
5748,3
5749,3
5750,3
5751,3
5752,3
5753,1
5754,3
5755,1
5756,1
5757,3
5758,3
5759,1
5760,1
5761,1
5762,3
5763,2
5764,3
5765,4
5766,1
5767,3
5768,2
5769,3
5770,2
5771,3
5772,3
5773,3
5774,3
5775,3
5776,3
5777,3
5778,1
5779,3
5780,4
5781,3
5782,3
5783,3
5784,3
5785,3
5786,3
5787,3
5788,3
5789,3
5790,3
5791,1
5792,1
5793,3
5794,3
5795,3
5796,1
5797,3
5798,3
5799,3
5800,3
5801,2
5802,3
5803,3
5804,1
5805,1
5806,3
5807,3
5808,1
5809,2
5810,3
5811,2
5812,3
5813,3
5814,3
5815,3
5816,3
5817,1
5818,3
5819,1
5820,3
5821,3
5822,3
5823,1
5824,1
5825,1
5826,3
5827,3
5828,1
5829,3
5830,3
5831,1
5832,3
5833,3
5834,1
5835,3
5836,3
5837,3
5838,3
5839,3
5840,3
5841,3
5842,3
5843,3
5844,3
5845,2
5846,3
5847,3
5848,3
5849,1
5850,3
5851,3
5852,3
5853,3
5854,3
5855,3
5856,3
5857,3
5858,3
5859,4
5860,3
5861,3
5862,3
5863,3
5864,3
5865,3
5866,3
5867,3
5868,3
5869,3
5870,1
5871,3
5872,3
5873,3
5874,3
5875,3
5876,3
5877,2
5878,3
5879,3
5880,3
5881,3
5882,3
5883,2
5884,3
5885,3
5886,3
5887,3
5888,3
5889,2
5890,3
5891,4
5892,1
5893,3
5894,3
5895,3
5896,2
5897,3
5898,2
5899,3
5900,3
5901,3
5902,3
5903,2
5904,3
5905,2
5906,3
5907,1
5908,3
5909,3
5910,3
5911,1
5912,3
5913,2
5914,3
5915,3
5916,3
5917,2
5918,3
5919,3
5920,3
5921,2
5922,1
5923,3
5924,2
5925,3
5926,3
5927,1
5928,3
5929,3
5930,3
5931,3
5932,3
5933,3
5934,3
5935,3
5936,3
5937,3
5938,3
5939,3
5940,3
5941,4
5942,3
5943,3
5944,3
5945,1
5946,3
5947,2
5948,3
5949,3
5950,2
5951,1
5952,3
5953,3
5954,3
5955,2
5956,2
5957,3
5958,2
5959,3
5960,3
5961,3
5962,3
5963,3
5964,1
5965,1
5966,3
5967,3
5968,3
5969,1
5970,3
5971,3
5972,3
5973,2
5974,1
5975,3
5976,3
5977,1
5978,3
5979,3
5980,3
5981,3
5982,1
5983,3
5984,3
5985,3
5986,3
5987,3
5988,3
5989,3
5990,1
5991,3
5992,3
5993,3
5994,3
5995,4
5996,3
5997,2
5998,3
5999,2
6000,1
6001,3
6002,3
6003,3
6004,3
6005,3
6006,3
6007,3
6008,1
6009,3
6010,3
6011,3
6012,2
6013,2
6014,3
6015,2
6016,3
6017,3
6018,3
6019,3
6020,1
6021,2
6022,3
6023,1
6024,3
6025,3
6026,3
6027,1
6028,3
6029,3
6030,3
6031,3
6032,1
6033,1
6034,2
6035,3
6036,2
6037,2
6038,2
6039,3
6040,3
6041,3
6042,1
6043,3
6044,3
6045,1
6046,1
6047,3
6048,3
6049,2
6050,3
6051,3
6052,3
6053,3
6054,3
6055,1
6056,2
6057,1
6058,3
6059,4
6060,2
6061,3
6062,3
6063,3
6064,2
6065,2
6066,3
6067,3
6068,1
6069,3
6070,3
6071,3
6072,2
6073,4
6074,1
6075,3
6076,3
6077,2
6078,1
6079,3
6080,2
6081,2
6082,3
6083,3
6084,3
6085,3
6086,3
6087,2
6088,3
6089,1
6090,3
6091,3
6092,3
6093,3
6094,3
6095,3
6096,3
6097,3
6098,3
6099,1
6100,1
6101,3
6102,3
6103,4
6104,3
6105,2
6106,3
6107,3
6108,3
6109,1
6110,3
6111,3
6112,3
6113,2
6114,3
6115,3
6116,3
6117,1
6118,3
6119,3
6120,1
6121,3
6122,2
6123,3
6124,3
6125,1
6126,3
6127,1
6128,3
6129,3
6130,3
6131,1
6132,1
6133,3
6134,2
6135,3
6136,4
6137,2
6138,1
6139,3
6140,1
6141,3
6142,3
6143,1
6144,1
6145,3
6146,1
6147,3
6148,3
6149,3
6150,3
6151,3
6152,2
6153,3
6154,3
6155,3
6156,3
6157,2
6158,1
6159,3
6160,3
6161,3
6162,3
6163,3
6164,3
6165,3
6166,3
6167,2
6168,3
6169,3
6170,3
6171,3
6172,3
6173,2
6174,3
6175,3
6176,4
6177,3
6178,3
6179,3
6180,3
6181,4
6182,2
6183,3
6184,3
6185,2
6186,3
6187,3
6188,2
6189,2
6190,3
6191,2
6192,3
6193,3
6194,3
6195,3
6196,1
6197,1
6198,4
6199,4
6200,3
6201,2
6202,3
6203,3
6204,1
6205,2
6206,3
6207,3
6208,2
6209,3
6210,3
6211,3
6212,1
6213,3
6214,3
6215,3
6216,1
6217,3
6218,2
6219,1
6220,1
6221,1
6222,3
6223,2
6224,3
6225,2
6226,3
6227,3
6228,3
6229,3
6230,3
6231,3
6232,1
6233,3
6234,3
6235,4
6236,3
6237,1
6238,2
6239,3
6240,3
6241,1
6242,3
6243,3
6244,3
6245,3
6246,1
6247,3
6248,1
6249,3
6250,2
6251,2
6252,1
6253,4
6254,3
6255,3
6256,3
6257,1
6258,1
6259,1
6260,2
6261,3
6262,3
6263,1
6264,2
6265,2
6266,3
6267,3
6268,3
6269,3
6270,3
6271,3
6272,2
6273,3
6274,2
6275,1
6276,3
6277,3
6278,3
6279,3
6280,1
6281,1
6282,1
6283,3
6284,2
6285,3
6286,1
6287,1
6288,3
6289,2
6290,3
6291,3
6292,3
6293,1
6294,3
6295,3
6296,1
6297,3
6298,2
6299,2
6300,3
6301,2
6302,3
6303,3
6304,3
6305,3
6306,1
6307,3
6308,2
6309,3
6310,3
6311,1
6312,2
6313,1
6314,4
6315,2
6316,3
6317,3
6318,1
6319,3
6320,1
6321,4
6322,1
6323,3
6324,3
6325,3
6326,2
6327,2
6328,2
6329,1
6330,3
6331,1
6332,1
6333,3
6334,3
6335,1
6336,1
6337,2
6338,1
6339,1
6340,1
6341,3
6342,3
6343,2
6344,3
6345,3
6346,1
6347,3
6348,3
6349,3
6350,3
6351,1
6352,1
6353,1
6354,1
6355,3
6356,2
6357,4
6358,1
6359,4
6360,3
6361,3
6362,3
6363,3
6364,1
6365,1
6366,3
6367,3
6368,1
6369,3
6370,3
6371,3
6372,1
6373,3
6374,2
6375,1
6376,3
6377,3
6378,3
6379,2
6380,3
6381,1
6382,3
6383,3
6384,3
6385,3
6386,2
6387,1
6388,3
6389,3
6390,3
6391,3
6392,3
6393,3
6394,3
6395,3
6396,3
6397,3
6398,1
6399,1
6400,3
6401,2
6402,3
6403,1
6404,3
6405,3
6406,3
6407,3
6408,3
6409,2
6410,1
6411,3
6412,4
6413,3
6414,2
6415,2
6416,2
6417,3
6418,3
6419,4
6420,3
6421,3
6422,1
6423,2
6424,3
6425,3
6426,1
6427,2
6428,4
6429,2
6430,3
6431,3
6432,3
6433,1
6434,3
6435,3
6436,2
6437,3
6438,1
6439,1
6440,2
6441,3
6442,3
6443,3
6444,4
6445,3
6446,3
6447,3
6448,2
6449,3
6450,2
6451,3
6452,3
6453,1
6454,3
6455,3
6456,3
6457,3
6458,3
6459,3
6460,1
6461,3
6462,3
6463,3
6464,3
6465,3
6466,3
6467,2
6468,3
6469,3
6470,3
6471,3
6472,3
6473,3
6474,3
6475,3
6476,2
6477,4
6478,3
6479,3
6480,3
6481,3
6482,3
6483,1
6484,3
6485,3
6486,3
6487,3
6488,3
6489,3
6490,3
6491,1
6492,1
6493,3
6494,1
6495,3
6496,3
6497,3
6498,4
6499,1
6500,3
6501,3
6502,2
6503,3
6504,1
6505,3
6506,1
6507,1
6508,2
6509,3
6510,3
6511,3
6512,1
6513,3
6514,3
6515,2
6516,3
6517,2
6518,2
6519,3
6520,1
6521,2
6522,3
6523,1
6524,2
6525,1
6526,2
6527,2
6528,3
6529,3
6530,3
6531,3
6532,3
6533,3
6534,3
6535,3
6536,3
6537,3
6538,2
6539,3
6540,3
6541,3
6542,1
6543,3
6544,1
6545,3
6546,1
6547,3
6548,3
6549,3
6550,3
6551,3
6552,4
6553,3
6554,3
6555,2
6556,3
6557,3
6558,4
6559,3
6560,2
6561,3
6562,1
6563,3
6564,3
6565,3
6566,1
6567,1
6568,3
6569,3
6570,3
6571,3
6572,1
6573,2
6574,2
6575,1
6576,3
6577,3
6578,3
6579,1
6580,3
6581,3
6582,1
6583,3
6584,3
6585,2
6586,3
6587,2
6588,3
6589,3
6590,3
6591,1
6592,3
6593,3
6594,2
6595,3
6596,3
6597,3
6598,3
6599,3
6600,3
6601,3
6602,4
6603,3
6604,3
6605,3
6606,2
6607,1
6608,2
6609,4
6610,2
6611,3
6612,3
6613,3
6614,3
6615,3
6616,3
6617,2
6618,3
6619,3
6620,3
6621,3
6622,3
6623,1
6624,3
6625,1
6626,2
6627,1
6628,3
6629,2
6630,3
6631,4
6632,1
6633,2
6634,3
6635,4
6636,3
6637,3
6638,4
6639,3
6640,3
6641,1
6642,3
6643,3
6644,3
6645,3
6646,2
6647,3
6648,3
6649,1
6650,1
6651,2
6652,3
6653,3
6654,3
6655,3
6656,2
6657,3
6658,2
6659,3
6660,2
6661,1
6662,4
6663,1
6664,2
6665,3
6666,4
6667,1
6668,3
6669,3
6670,2
6671,2
6672,2
6673,1
6674,3
6675,1
6676,3
6677,3
6678,1
6679,1
6680,3
6681,2
6682,3
6683,3
6684,2
6685,3
6686,3
6687,3
6688,3
6689,3
6690,3
6691,1
6692,1
6693,3
6694,3
6695,3
6696,3
6697,1
6698,3
6699,3
6700,1
6701,3
6702,3
6703,3
6704,3
6705,2
6706,2
6707,3
6708,1
6709,1
6710,1
6711,3
6712,3
6713,3
6714,1
6715,3
6716,2
6717,3
6718,3
6719,3
6720,2
6721,1
6722,4
6723,3
6724,3
6725,2
6726,1
6727,3
6728,3
6729,3
6730,3
6731,3
6732,3
6733,3
6734,3
6735,3
6736,1
6737,1
6738,2
6739,1
6740,3
6741,2
6742,3
6743,3
6744,2
6745,3
6746,3
6747,3
6748,1
6749,2
6750,3
6751,3
6752,4
6753,3
6754,3
6755,3
6756,1
6757,3
6758,3
6759,3
6760,3
6761,3
6762,2
6763,1
6764,2
6765,3
6766,2
6767,1
6768,3
6769,2
6770,3
6771,2
6772,2
6773,3
6774,1
6775,3
6776,2
6777,1
6778,3
6779,3
6780,3
6781,1
6782,1
6783,3
6784,3
6785,3
6786,3
6787,1
6788,3
6789,1
6790,3
6791,3
6792,3
6793,3
6794,1
6795,3
6796,3
6797,1
6798,3
6799,3
6800,3
6801,1
6802,2
6803,3
6804,3
6805,4
6806,3
6807,1
6808,2
6809,1
6810,3
6811,3
6812,3
6813,3
6814,3
6815,1
6816,2
6817,1
6818,3
6819,2
6820,1
6821,3
6822,2
6823,3
6824,2
6825,3
6826,3
6827,4
6828,1
6829,3
6830,1
6831,1
6832,1
6833,1
6834,1
6835,3
6836,3
6837,3
6838,2
6839,3
6840,3
6841,3
6842,3
6843,4
6844,3
6845,1
6846,3
6847,2
6848,3
6849,2
6850,3
6851,3
6852,2
6853,1
6854,3
6855,1
6856,3
6857,3
6858,3
6859,2
6860,3
6861,1
6862,3
6863,3
6864,3
6865,2
6866,1
6867,4
6868,3
6869,1
6870,1
6871,3
6872,3
6873,1
6874,1
6875,3
6876,3
6877,3
6878,2
6879,3
6880,2
6881,1
6882,3
6883,3
6884,3
6885,1
6886,3
6887,3
6888,2
6889,1
6890,3
6891,3
6892,2
6893,1
6894,3
6895,3
6896,3
6897,1
6898,3
6899,1
6900,3
6901,3
6902,3
6903,3
6904,2
6905,3
6906,1
6907,2
6908,2
6909,3
6910,3
6911,1
6912,3
6913,3
6914,2
6915,3
6916,3
6917,3
6918,3
6919,3
6920,3
6921,3
6922,3
6923,4
6924,3
6925,3
6926,1
6927,1
6928,3
6929,2
6930,3
6931,3
6932,3
6933,3
6934,3
6935,2
6936,3
6937,2
6938,3
6939,2
6940,3
6941,2
6942,1
6943,3
6944,2
6945,4
6946,3
6947,1
6948,4
6949,3
6950,1
6951,3
6952,3
6953,3
6954,4
6955,3
6956,1
6957,2
6958,3
6959,3
6960,1
6961,3
6962,1
6963,3
6964,3
6965,3
6966,3
6967,3
6968,3
6969,3
6970,3
6971,3
6972,1
6973,3
6974,3
6975,3
6976,3
6977,3
6978,3
6979,4
6980,3
6981,2
6982,3
6983,3
6984,3
6985,3
6986,3
6987,3
6988,3
6989,1
6990,3
6991,2
6992,1
6993,3
6994,3
6995,2
6996,1
6997,1
6998,3
6999,1
7000,3
7001,1
7002,1
7003,3
7004,3
7005,3
7006,3
7007,3
7008,3
7009,3
7010,3
7011,3
7012,1
7013,3
7014,2
7015,3
7016,2
7017,3
7018,3
7019,3
7020,4
7021,3
7022,3
7023,3
7024,3
7025,1
7026,1
7027,3
7028,3
7029,1
7030,3
7031,1
7032,2
7033,1
7034,3
7035,3
7036,1
7037,2
7038,2
7039,4
7040,3
7041,3
7042,1
7043,4
7044,3
7045,3
7046,3
7047,1
7048,1
7049,3
7050,3
7051,2
7052,1
7053,3
7054,3
7055,3
7056,3
7057,3
7058,3
7059,1
7060,3
7061,1
7062,4
7063,1
7064,1
7065,3
7066,1
7067,3
7068,3
7069,3
7070,3
7071,3
7072,1
7073,3
7074,4
7075,3
7076,3
7077,2
7078,3
7079,3
7080,3
7081,2
7082,1
7083,3
7084,3
7085,4
7086,2
7087,2
7088,3
7089,1
7090,3
7091,2
7092,1
7093,3
7094,3
7095,2
7096,3
7097,3
7098,3
7099,4
7100,3
7101,1
7102,3
7103,1
7104,2
7105,3
7106,3
7107,3
7108,3
7109,3
7110,3
7111,2
7112,3
7113,3
7114,3
7115,3
7116,2
7117,2
7118,3
7119,2
7120,3
7121,2
7122,3
7123,2
7124,2
7125,3
7126,2
7127,3
7128,1
7129,3
7130,3
7131,3
7132,1
7133,3
7134,3
7135,1
7136,1
7137,3
7138,3
7139,3
7140,3
7141,1
7142,3
7143,3
7144,3
7145,3
7146,3
7147,3
7148,2
7149,3
7150,3
7151,3
7152,3
7153,3
7154,3
7155,3
7156,1
7157,3
7158,1
7159,3
7160,1
7161,3
7162,3
7163,3
7164,3
7165,2
7166,3
7167,3
7168,3
7169,4
7170,4
7171,3
7172,3
7173,2
7174,4
7175,3
7176,2
7177,3
7178,3
7179,1
7180,3
7181,2
7182,2
7183,3
7184,3
7185,2
7186,3
7187,2
7188,2
7189,2
7190,1
7191,3
7192,3
7193,3
7194,2
7195,3
7196,3
7197,3
7198,3
7199,3
7200,2
7201,4
7202,1
7203,2
7204,1
7205,3
7206,4
7207,2
7208,4
7209,3
7210,3
7211,2
7212,3
7213,1
7214,3
7215,3
7216,3
7217,3
7218,2
7219,3
7220,1
7221,3
7222,3
7223,4
7224,3
7225,3
7226,3
7227,3
7228,3
7229,3
7230,1
7231,3
7232,3
7233,1
7234,1
7235,3
7236,3
7237,3
7238,3
7239,3
7240,3
7241,2
7242,3
7243,2
7244,3
7245,1
7246,3
7247,3
7248,3
7249,3
7250,3
7251,1
7252,1
7253,3
7254,3
7255,3
7256,1
7257,3
7258,3
7259,3
7260,1
7261,3
7262,3
7263,1
7264,2
7265,3
7266,1
7267,3
7268,3
7269,3
7270,1
7271,1
7272,3
7273,2
7274,4
7275,2
7276,3
7277,4
7278,1
7279,1
7280,2
7281,3
7282,3
7283,3
7284,3
7285,3
7286,3
7287,3
7288,3
7289,3
7290,3
7291,3
7292,3
7293,4
7294,3
7295,3
7296,3
7297,3
7298,3
7299,3
7300,3
7301,1
7302,2
7303,2
7304,3
7305,3
7306,2
7307,3
7308,3
7309,2
7310,3
7311,3
7312,2
7313,3
7314,2
7315,3
7316,2
7317,2
7318,3
7319,1
7320,3
7321,3
7322,1
7323,3
7324,3
7325,3
7326,1
7327,2
7328,3
7329,3
7330,3
7331,3
7332,1
7333,1
7334,2
7335,3
7336,3
7337,1
7338,3
7339,3
7340,3
7341,3
7342,1
7343,3
7344,3
7345,3
7346,1
7347,1
7348,2
7349,3
7350,3
7351,1
7352,3
7353,3
7354,3
7355,1
7356,3
7357,2
7358,3
7359,1
7360,3
7361,3
7362,3
7363,1
7364,3
7365,3
7366,3
7367,3
7368,3
7369,1
7370,3
7371,1
7372,3
7373,1
7374,1
7375,4
7376,3
7377,3
7378,3
7379,3
7380,3
7381,3
7382,3
7383,3
7384,1
7385,3
7386,3
7387,3
7388,2
7389,1
7390,1
7391,3
7392,3
7393,3
7394,2
7395,4
7396,3
7397,3
7398,1
7399,3
7400,3
7401,3
7402,3
7403,3
7404,4
7405,1
7406,3
7407,3
7408,3
7409,3
7410,3
7411,3
7412,3
7413,1
7414,3
7415,3
7416,3
7417,3
7418,3
7419,3
7420,1
7421,2
7422,3
7423,2
7424,1
7425,3
7426,3
7427,1
7428,3
7429,2
7430,1
7431,3
7432,2
7433,3
7434,3
7435,2
7436,3
7437,3
7438,3
7439,3
7440,3
7441,3
7442,3
7443,3
7444,1
7445,1
7446,3
7447,3
7448,3
7449,3
7450,3
7451,3
7452,1
7453,4
7454,3
7455,4
7456,2
7457,3
7458,3
7459,1
7460,1
7461,3
7462,3
7463,2
7464,3
7465,1
7466,3
7467,3
7468,1
7469,4
7470,3
7471,3
7472,3
7473,2
7474,1
7475,3
7476,3
7477,2
7478,3
7479,2
7480,2
7481,1
7482,2
7483,2
7484,3
7485,3
7486,3
7487,2
7488,3
7489,3
7490,1
7491,2
7492,4
7493,3
7494,3
7495,3
7496,2
7497,1
7498,2
7499,1
7500,3
7501,3
7502,3
7503,3
7504,3
7505,3
7506,1
7507,3
7508,4
7509,4
7510,3
7511,1
7512,3
7513,3
7514,3
7515,3
7516,1
7517,3
7518,3
7519,3
7520,3
7521,3
7522,4
7523,3
7524,3
7525,1
7526,3
7527,3
7528,1
7529,3
7530,3
7531,1
7532,2
7533,1
7534,3
7535,1
7536,2
7537,3
7538,1
7539,3
7540,3
7541,3
7542,3
7543,3
7544,2
7545,3
7546,2
7547,2
7548,4
7549,2
7550,3
7551,2
7552,3
7553,1
7554,3
7555,3
7556,3
7557,1
7558,1
7559,3
7560,2
7561,3
7562,1
7563,3
7564,3
7565,1
7566,3
7567,3
7568,3
7569,3
7570,3
7571,3
7572,3
7573,4
7574,3
7575,3
7576,3
7577,2
7578,2
7579,3
7580,3
7581,4
7582,3
7583,1
7584,4
7585,1
7586,1
7587,1
7588,1
7589,1
7590,1
7591,2
7592,3
7593,2
7594,3
7595,1
7596,3
7597,3
7598,4
7599,3
7600,3
7601,3
7602,3
7603,3
7604,2
7605,1
7606,4
7607,3
7608,3
7609,3
7610,4
7611,3
7612,3
7613,1
7614,3
7615,3
7616,3
7617,3
7618,3
7619,3
7620,3
7621,1
7622,3
7623,2
7624,3
7625,1
7626,3
7627,1
7628,3
7629,3
7630,3
7631,1
7632,2
7633,1
7634,3
7635,3
7636,2
7637,2
7638,1
7639,3
7640,1
7641,3
7642,3
7643,1
7644,3
7645,1
7646,1
7647,1
7648,3
7649,3
7650,2
7651,2
7652,3
7653,2
7654,3
7655,3
7656,4
7657,4
7658,3
7659,3
7660,1
7661,3
7662,3
7663,3
7664,3
7665,1
7666,2
7667,3
7668,3
7669,3
7670,3
7671,1
7672,2
7673,3
7674,1
7675,4
7676,3
7677,3
7678,1
7679,3
7680,1
7681,2
7682,3
7683,3
7684,2
7685,1
7686,3
7687,3
7688,3
7689,3
7690,1
7691,3
7692,3
7693,3
7694,3
7695,3
7696,3
7697,1
7698,2
7699,3
7700,2
7701,3
7702,3
7703,3
7704,3
7705,3
7706,3
7707,1
7708,1
7709,3
7710,3
7711,3
7712,3
7713,3
7714,3
7715,1
7716,3
7717,4
7718,3
7719,3
7720,3
7721,2
7722,3
7723,3
7724,1
7725,4
7726,3
7727,3
7728,3
7729,3
7730,3
7731,3
7732,3
7733,3
7734,2
7735,3
7736,3
7737,3
7738,3
7739,3
7740,3
7741,3
7742,4
7743,1
7744,3
7745,3
7746,1
7747,3
7748,1
7749,1
7750,3
7751,1
7752,1
7753,3
7754,4
7755,3
7756,3
7757,1
7758,3
7759,3
7760,3
7761,3
7762,3
7763,2
7764,3
7765,1
7766,3
7767,3
7768,3
7769,1
7770,3
7771,1
7772,3
7773,3
7774,2
7775,3
7776,1
7777,2
7778,3
7779,3
7780,3
7781,3
7782,3
7783,3
7784,3
7785,3
7786,2
7787,3
7788,2
7789,3
7790,2
7791,3
7792,1
7793,3
7794,3
7795,4
7796,3
7797,3
7798,3
7799,1
7800,1
7801,2
7802,1
7803,1
7804,3
7805,1
7806,3
7807,3
7808,2
7809,1
7810,3
7811,3
7812,3
7813,3
7814,2
7815,3
7816,3
7817,3
7818,3
7819,3
7820,3
7821,3
7822,3
7823,1
7824,1
7825,3
7826,3
7827,2
7828,3
7829,2
7830,3
7831,1
7832,3
7833,3
7834,1
7835,3
7836,3
7837,1
7838,2
7839,3
7840,1
7841,2
7842,3
7843,1
7844,1
7845,3
7846,1
7847,3
7848,3
7849,3
7850,1
7851,2
7852,3
7853,3
7854,3
7855,2
7856,3
7857,3
7858,2
7859,3
7860,3
7861,3
7862,3
7863,2
7864,1
7865,3
7866,3
7867,3
7868,3
7869,3
7870,1
7871,3
7872,3
7873,3
7874,3
7875,3
7876,3
7877,3
7878,2
7879,2
7880,3
7881,1
7882,3
7883,2
7884,3
7885,3
7886,1
7887,3
7888,3
7889,3
7890,3
7891,2
7892,3
7893,3
7894,3
7895,3
7896,1
7897,3
7898,3
7899,3
7900,3
7901,3
7902,4
7903,2
7904,2
7905,1
7906,3
7907,3
7908,3
7909,4
7910,1
7911,3
7912,2
7913,1
7914,3
7915,3
7916,2
7917,1
7918,3
7919,3
7920,3
7921,2
7922,3
7923,3
7924,1
7925,3
7926,1
7927,3
7928,3
7929,3
7930,3
7931,3
7932,2
7933,2
7934,2
7935,3
7936,3
7937,1
7938,2
7939,1
7940,1
7941,3
7942,3
7943,3
7944,3
7945,2
7946,3
7947,3
7948,1
7949,3
7950,3
7951,3
7952,3
7953,3
7954,3
7955,2
7956,3
7957,3
7958,3
7959,1
7960,3
7961,3
7962,1
7963,3
7964,3
7965,2
7966,2
7967,3
7968,2
7969,2
7970,4
7971,3
7972,3
7973,1
7974,2
7975,1
7976,2
7977,1
7978,2
7979,3
7980,2
7981,2
7982,3
7983,3
7984,3
7985,2
7986,2
7987,4
7988,3
7989,2
7990,1
7991,3
7992,3
7993,3
7994,3
7995,3
7996,3
7997,2
7998,3
7999,1
8000,3
8001,2
8002,3
8003,2
8004,3
8005,3
8006,3
8007,1
8008,1
8009,3
8010,3
8011,2
8012,3
8013,2
8014,1
8015,3
8016,3
8017,3
8018,3
8019,2
8020,3
8021,1
8022,3
8023,3
8024,3
8025,3
8026,3
8027,3
8028,3
8029,3
8030,3
8031,3
8032,3
8033,1
8034,2
8035,3
8036,3
8037,3
8038,1
8039,1
8040,1
8041,3
8042,3
8043,1
8044,3
8045,3
8046,3
8047,4
8048,3
8049,2
8050,3
8051,3
8052,3
8053,1
8054,2
8055,3
8056,3
8057,3
8058,3
8059,1
8060,1
8061,1
8062,3
8063,3
8064,2
8065,3
8066,3
8067,2
8068,3
8069,1
8070,3
8071,3
8072,2
8073,3
8074,2
8075,3
8076,3
8077,3
8078,1
8079,3
8080,1
8081,3
8082,3
8083,1
8084,2
8085,3
8086,2
8087,3
8088,3
8089,1
8090,3
8091,3
8092,3
8093,2
8094,3
8095,3
8096,1
8097,2
8098,4
8099,3
8100,2
8101,3
8102,2
8103,3
8104,2
8105,2
8106,3
8107,3
8108,3
8109,3
8110,3
8111,1
8112,3
8113,4
8114,2
8115,3
8116,3
8117,3
8118,3
8119,3
8120,3
8121,1
8122,1
8123,2
8124,3
8125,3
8126,1
8127,3
8128,1
8129,2
8130,3
8131,3
8132,3
8133,2
8134,2
8135,3
8136,3
8137,1
8138,3
8139,3
8140,1
8141,3
8142,3
8143,3
8144,3
8145,3
8146,1
8147,3
8148,3
8149,3
8150,3
8151,3
8152,3
8153,1
8154,3
8155,3
8156,3
8157,3
8158,3
8159,1
8160,3
8161,3
8162,1
8163,3
8164,2
8165,2
8166,2
8167,1
8168,1
8169,3
8170,4
8171,3
8172,1
8173,3
8174,3
8175,3
8176,3
8177,3
8178,3
8179,1
8180,4
8181,3
8182,4
8183,2
8184,3
8185,1
8186,2
8187,1
8188,3
8189,3
8190,3
8191,1
8192,3
8193,3
8194,2
8195,3
8196,3
8197,4
8198,1
8199,2
8200,1
8201,2
8202,3
8203,3
8204,1
8205,3
8206,3
8207,3
8208,3
8209,3
8210,3
8211,3
8212,3
8213,3
8214,3
8215,3
8216,1
8217,3
8218,1
8219,2
8220,1
8221,1
8222,3
8223,3
8224,1
8225,3
8226,1
8227,1
8228,3
8229,3
8230,3
8231,3
8232,2
8233,2
8234,1
8235,3
8236,3
8237,3
8238,3
8239,2
8240,3
8241,3
8242,3
8243,4
8244,3
8245,1
8246,2
8247,1
8248,3
8249,3
8250,3
8251,1
8252,1
8253,3
8254,2
8255,1
8256,1
8257,3
8258,3
8259,2
8260,3
8261,4
8262,3
8263,3
8264,3
8265,3
8266,3
8267,3
8268,1
8269,3
8270,3
8271,3
8272,3
8273,3
8274,3
8275,1
8276,3
8277,2
8278,3
8279,1
8280,3
8281,1
8282,3
8283,3
8284,3
8285,3
8286,3
8287,3
8288,3
8289,2
8290,3
8291,2
8292,3
8293,3
8294,3
8295,1
8296,3
8297,3
8298,1
8299,3
8300,3
8301,3
8302,3
8303,4
8304,4
8305,3
8306,1
8307,3
8308,2
8309,1
8310,3
8311,3
8312,3
8313,3
8314,1
8315,3
8316,2
8317,2
8318,3
8319,1
8320,3
8321,3
8322,1
8323,1
8324,3
8325,3
8326,3
8327,2
8328,1
8329,2
8330,3
8331,3
8332,3
8333,2
8334,2
8335,2
8336,2
8337,3
8338,3
8339,3
8340,3
8341,1
8342,2
8343,1
8344,1
8345,3
8346,4
8347,1
8348,3
8349,3
8350,3
8351,4
8352,1
8353,3
8354,2
8355,3
8356,3
8357,3
8358,2
8359,4
8360,3
8361,3
8362,3
8363,1
8364,4
8365,2
8366,3
8367,3
8368,3
8369,3
8370,4
8371,3
8372,2
8373,1
8374,3
8375,1
8376,3
8377,3
8378,3
8379,1
8380,3
8381,3
8382,3
8383,2
8384,3
8385,3
8386,2
8387,3
8388,3
8389,3
8390,3
8391,3
8392,4
8393,3
8394,3
8395,3
8396,3
8397,3
8398,3
8399,1
8400,3
8401,3
8402,3
8403,1
8404,2
8405,3
8406,3
8407,3
8408,3
8409,3
8410,3
8411,1
8412,1
8413,1
8414,1
8415,1
8416,3
8417,3
8418,1
8419,3
8420,2
8421,1
8422,3
8423,4
8424,3
8425,1
8426,3
8427,3
8428,2
8429,1
8430,3
8431,3
8432,3
8433,3
8434,4
8435,2
8436,3
8437,2
8438,3
8439,3
8440,3
8441,4
8442,3
8443,3
8444,2
8445,1
8446,3
8447,1
8448,4
8449,3
8450,3
8451,3
8452,3
8453,3
8454,3
8455,2
8456,3
8457,3
8458,3
8459,3
8460,3
8461,3
8462,1
8463,3
8464,3
8465,1
8466,3
8467,2
8468,1
8469,3
8470,3
8471,3
8472,3
8473,3
8474,1
8475,3
8476,3
8477,3
8478,3
8479,4
8480,3
8481,1
8482,1
8483,3
8484,3
8485,3
8486,2
8487,3
8488,3
8489,3
8490,1
8491,1
8492,3
8493,3
8494,1
8495,2
8496,3
8497,3
8498,3
8499,1
8500,3
8501,3
8502,3
8503,2
8504,3
8505,3
8506,1
8507,2
8508,3
8509,1
8510,1
8511,4
8512,3
8513,3
8514,3
8515,3
8516,2
8517,3
8518,3
8519,1
8520,3
8521,3
8522,3
8523,1
8524,3
8525,3
8526,3
8527,1
8528,2
8529,3
8530,1
8531,2
8532,3
8533,1
8534,3
8535,2
8536,3
8537,1
8538,3
8539,2
8540,3
8541,1
8542,3
8543,3
8544,1
8545,3
8546,3
8547,3
8548,3
8549,3
8550,1
8551,3
8552,1
8553,3
8554,4
8555,3
8556,3
8557,3
8558,2
8559,3
8560,3
8561,3
8562,3
8563,1
8564,3
8565,3
8566,3
8567,3
8568,3
8569,3
8570,3
8571,2
8572,3
8573,2
8574,3
8575,3
8576,3
8577,3
8578,1
8579,3
8580,3
8581,3
8582,3
8583,3
8584,4
8585,3
8586,2
8587,3
8588,1
8589,3
8590,3
8591,1
8592,1
8593,1
8594,3
8595,1
8596,3
8597,1
8598,3
8599,4
8600,3
8601,3
8602,3
8603,3
8604,3
8605,3
8606,1
8607,3
8608,3
8609,3
8610,1
8611,3
8612,3
8613,3
8614,3
8615,3
8616,3
8617,3
8618,1
8619,4
8620,3
8621,3
8622,2
8623,3
8624,1
8625,1
8626,3
8627,1
8628,3
8629,3
8630,3
8631,3
8632,1
8633,1
8634,2
8635,2
8636,4
8637,3
8638,2
8639,3
8640,3
8641,3
8642,1
8643,3
8644,1
8645,1
8646,1
8647,3
8648,3
8649,3
8650,2
8651,2
8652,3
8653,1
8654,2
8655,1
8656,3
8657,3
8658,3
8659,1
8660,2
8661,3
8662,1
8663,3
8664,3
8665,3
8666,3
8667,1
8668,3
8669,2
8670,2
8671,4
8672,2
8673,3
8674,1
8675,1
8676,3
8677,4
8678,1
8679,1
8680,3
8681,1
8682,2
8683,3
8684,1
8685,3
8686,3
8687,3
8688,1
8689,1
8690,3
8691,2
8692,3
8693,3
8694,3
8695,3
8696,3
8697,3
8698,2
8699,3
8700,3
8701,3
8702,3
8703,3
8704,3
8705,3
8706,3
8707,3
8708,1
8709,3
8710,3
8711,3
8712,3
8713,3
8714,3
8715,3
8716,3
8717,1
8718,3
8719,4
8720,3
8721,2
8722,3
8723,3
8724,1
8725,2
8726,3
8727,1
8728,1
8729,1
8730,3
8731,2
8732,3
8733,1
8734,3
8735,1
8736,3
8737,3
8738,3
8739,3
8740,3
8741,1
8742,1
8743,3
8744,2
8745,2
8746,3
8747,2
8748,3
8749,1
8750,3
8751,3
8752,1
8753,3
8754,3
8755,1
8756,2
8757,1
8758,3
8759,2
8760,3
8761,3
8762,3
8763,3
8764,1
8765,4
8766,3
8767,3
8768,3
8769,2
8770,3
8771,3
8772,3
8773,2
8774,1
8775,3
8776,3
8777,3
8778,3
8779,2
8780,3
8781,3
8782,3
8783,1
8784,3
8785,3
8786,1
8787,1
8788,4
8789,2
8790,2
8791,1
8792,3
8793,2
8794,3
8795,3
8796,3
8797,3
8798,3
8799,3
8800,3
8801,3
8802,1
8803,3
8804,3
8805,3
8806,3
8807,2
8808,3
8809,3
8810,3
8811,3
8812,3
8813,1
8814,1
8815,3
8816,3
8817,3
8818,3
8819,3
8820,2
8821,3
8822,2
8823,3
8824,3
8825,2
8826,1
8827,1
8828,2
8829,3
8830,3
8831,3
8832,1
8833,3
8834,1
8835,1
8836,3
8837,2
8838,3
8839,3
8840,2
8841,3
8842,1
8843,3
8844,3
8845,1
8846,3
8847,3
8848,1
8849,3
8850,1
8851,2
8852,3
8853,3
8854,3
8855,3
8856,3
8857,3
8858,3
8859,3
8860,3
8861,1
8862,3
8863,3
8864,3
8865,3
8866,2
8867,3
8868,3
8869,3
8870,3
8871,3
8872,1
8873,3
8874,3
8875,2
8876,3
8877,2
8878,2
8879,2
8880,1
8881,2
8882,3
8883,3
8884,3
8885,3
8886,3
8887,3
8888,3
8889,2
8890,3
8891,3
8892,2
8893,3
8894,3
8895,2
8896,3
8897,3
8898,3
8899,3
8900,2
8901,2
8902,3
8903,3
8904,3
8905,2
8906,3
8907,3
8908,2
8909,3
8910,4
8911,1
8912,3
8913,3
8914,1
8915,3
8916,3
8917,3
8918,3
8919,2
8920,3
8921,3
8922,3
8923,1
8924,3
8925,2
8926,1
8927,3
8928,3
8929,3
8930,1
8931,2
8932,3
8933,1
8934,3
8935,3
8936,3
8937,1
8938,2
8939,1
8940,3
8941,1
8942,3
8943,3
8944,3
8945,3
8946,3
8947,3
8948,1
8949,3
8950,1
8951,3
8952,3
8953,3
8954,3
8955,3
8956,3
8957,1
8958,3
8959,3
8960,2
8961,3
8962,1
8963,3
8964,3
8965,1
8966,3
8967,3
8968,1
8969,1
8970,3
8971,3
8972,3
8973,3
8974,1
8975,3
8976,3
8977,3
8978,3
8979,3
8980,3
8981,2
8982,2
8983,3
8984,1
8985,3
8986,3
8987,3
8988,2
8989,3
8990,3
8991,3
8992,1
8993,3
8994,3
8995,3
8996,3
8997,2
8998,3
8999,3
9000,3
9001,3
9002,3
9003,3
9004,2
9005,3
9006,3
9007,3
9008,3
9009,2
9010,3
9011,3
9012,3
9013,1
9014,3
9015,1
9016,3
9017,2
9018,3
9019,3
9020,3
9021,1
9022,3
9023,3
9024,1
9025,3
9026,3
9027,3
9028,3
9029,4
9030,3
9031,3
9032,1
9033,3
9034,3
9035,3
9036,2
9037,3
9038,2
9039,3
9040,1
9041,3
9042,2
9043,3
9044,3
9045,3
9046,3
9047,2
9048,3
9049,4
9050,3
9051,2
9052,3
9053,3
9054,3
9055,1
9056,3
9057,1
9058,3
9059,1
9060,3
9061,1
9062,3
9063,3
9064,1
9065,2
9066,3
9067,2
9068,3
9069,1
9070,3
9071,3
9072,3
9073,3
9074,1
9075,3
9076,1
9077,3
9078,2
9079,2
9080,3
9081,3
9082,3
9083,2
9084,3
9085,3
9086,1
9087,1
9088,3
9089,1
9090,1
9091,1
9092,2
9093,1
9094,3
9095,1
9096,1
9097,3
9098,2
9099,3
9100,2
9101,1
9102,2
9103,2
9104,3
9105,1
9106,2
9107,3
9108,3
9109,3
9110,3
9111,1
9112,3
9113,4
9114,1
9115,3
9116,3
9117,3
9118,2
9119,2
9120,3
9121,4
9122,3
9123,1
9124,1
9125,3
9126,3
9127,3
9128,3
9129,3
9130,3
9131,3
9132,2
9133,3
9134,2
9135,4
9136,3
9137,1
9138,3
9139,3
9140,3
9141,3
9142,4
9143,3
9144,3
9145,1
9146,2
9147,3
9148,3
9149,1
9150,3
9151,1
9152,3
9153,2
9154,3
9155,1
9156,4
9157,1
9158,3
9159,3
9160,1
9161,1
9162,3
9163,3
9164,3
9165,2
9166,1
9167,3
9168,2
9169,1
9170,3
9171,3
9172,3
9173,3
9174,1
9175,4
9176,3
9177,3
9178,3
9179,1
9180,3
9181,3
9182,1
9183,1
9184,3
9185,3
9186,3
9187,1
9188,1
9189,1
9190,2
9191,3
9192,3
9193,4
9194,3
9195,3
9196,3
9197,4
9198,1
9199,1
9200,3
9201,3
9202,1
9203,3
9204,1
9205,3
9206,3
9207,3
9208,1
9209,1
9210,1
9211,3
9212,2
9213,3
9214,1
9215,3
9216,4
9217,3
9218,3
9219,2
9220,3
9221,3
9222,3
9223,3
9224,1
9225,1
9226,3
9227,2
9228,2
9229,3
9230,3
9231,3
9232,1
9233,3
9234,3
9235,1
9236,1
9237,1
9238,3
9239,3
9240,3
9241,1
9242,1
9243,3
9244,3
9245,4
9246,3
9247,3
9248,3
9249,3
9250,3
9251,3
9252,1
9253,3
9254,4
9255,3
9256,1
9257,1
9258,3
9259,1
9260,1
9261,2
9262,3
9263,1
9264,3
9265,1
9266,3
9267,3
9268,3
9269,3
9270,1
9271,3
9272,4
9273,2
9274,1
9275,3
9276,3
9277,2
9278,1
9279,3
9280,3
9281,3
9282,3
9283,3
9284,2
9285,3
9286,3
9287,2
9288,1
9289,3
9290,3
9291,3
9292,3
9293,3
9294,2
9295,2
9296,3
9297,1
9298,1
9299,3
9300,3
9301,3
9302,4
9303,3
9304,3
9305,2
9306,3
9307,3
9308,3
9309,3
9310,3
9311,2
9312,3
9313,3
9314,3
9315,3
9316,3
9317,3
9318,3
9319,3
9320,3
9321,1
9322,3
9323,1
9324,3
9325,1
9326,3
9327,3
9328,3
9329,3
9330,2
9331,3
9332,3
9333,3
9334,1
9335,4
9336,3
9337,3
9338,3
9339,3
9340,3
9341,2
9342,3
9343,3
9344,3
9345,3
9346,3
9347,3
9348,3
9349,3
9350,3
9351,3
9352,3
9353,3
9354,3
9355,3
9356,1
9357,3
9358,3
9359,4
9360,3
9361,3
9362,3
9363,4
9364,1
9365,1
9366,1
9367,3
9368,2
9369,3
9370,3
9371,1
9372,3
9373,3
9374,4
9375,3
9376,3
9377,4
9378,3
9379,2
9380,3
9381,3
9382,2
9383,3
9384,3
9385,2
9386,3
9387,2
9388,1
9389,1
9390,3
9391,3
9392,3
9393,3
9394,3
9395,3
9396,3
9397,3
9398,1
9399,1
9400,1
9401,3
9402,3
9403,3
9404,3
9405,3
9406,2
9407,3
9408,4
9409,2
9410,3
9411,1
9412,3
9413,2
9414,3
9415,3
9416,1
9417,3
9418,3
9419,3
9420,3
9421,3
9422,3
9423,1
9424,2
9425,2
9426,1
9427,1
9428,2
9429,1
9430,3
9431,3
9432,3
9433,2
9434,3
9435,3
9436,3
9437,3
9438,1
9439,4
9440,3
9441,3
9442,2
9443,3
9444,4
9445,3
9446,1
9447,3
9448,3
9449,3
9450,1
9451,2
9452,3
9453,1
9454,2
9455,1
9456,4
9457,3
9458,1
9459,2
9460,4
9461,3
9462,3
9463,3
9464,3
9465,3
9466,3
9467,3
9468,3
9469,3
9470,3
9471,3
9472,3
9473,3
9474,2
9475,3
9476,3
9477,2
9478,3
9479,3
9480,2
9481,1
9482,2
9483,1
9484,3
9485,2
9486,3
9487,2
9488,3
9489,3
9490,3
9491,3
9492,3
9493,4
9494,3
9495,2
9496,3
9497,2
9498,3
9499,1
9500,3
9501,2
9502,3
9503,1
9504,3
9505,3
9506,3
9507,2
9508,1
9509,3
9510,2
9511,3
9512,1
9513,3
9514,3
9515,2
9516,3
9517,1
9518,3
9519,1
9520,4
9521,3
9522,3
9523,2
9524,3
9525,2
9526,3
9527,3
9528,3
9529,3
9530,3
9531,1
9532,2
9533,3
9534,3
9535,3
9536,3
9537,2
9538,2
9539,3
9540,3
9541,3
9542,1
9543,3
9544,3
9545,3
9546,3
9547,3
9548,1
9549,3
9550,3
9551,3
9552,3
9553,3
9554,2
9555,4
9556,4
9557,3
9558,3
9559,4
9560,3
9561,3
9562,3
9563,3
9564,3
9565,2
9566,3
9567,3
9568,3
9569,3
9570,3
9571,2
9572,3
9573,3
9574,3
9575,3
9576,2
9577,3
9578,2
9579,3
9580,1
9581,4
9582,3
9583,3
9584,3
9585,3
9586,3
9587,4
9588,1
9589,3
9590,3
9591,2
9592,2
9593,2
9594,3
9595,3
9596,3
9597,3
9598,3
9599,3
9600,3
9601,1
9602,3
9603,2
9604,3
9605,1
9606,3
9607,2
9608,1
9609,4
9610,3
9611,3
9612,3
9613,2
9614,3
9615,3
9616,3
9617,2
9618,3
9619,3
9620,3
9621,3
9622,3
9623,3
9624,3
9625,1
9626,3
9627,1
9628,1
9629,4
9630,3
9631,3
9632,2
9633,3
9634,3
9635,2
9636,3
9637,2
9638,3
9639,3
9640,1
9641,3
9642,2
9643,3
9644,2
9645,3
9646,4
9647,3
9648,1
9649,3
9650,1
9651,3
9652,3
9653,3
9654,1
9655,3
9656,3
9657,3
9658,3
9659,3
9660,2
9661,3
9662,3
9663,3
9664,1
9665,3
9666,1
9667,1
9668,3
9669,3
9670,2
9671,3
9672,3
9673,3
9674,4
9675,2
9676,3
9677,2
9678,3
9679,3
9680,3
9681,2
9682,2
9683,3
9684,2
9685,3
9686,3
9687,1
9688,3
9689,2
9690,1
9691,2
9692,3
9693,3
9694,3
9695,3
9696,3
9697,3
9698,2
9699,3
9700,2
9701,3
9702,3
9703,3
9704,3
9705,3
9706,2
9707,3
9708,2
9709,3
9710,4
9711,2
9712,3
9713,3
9714,1
9715,3
9716,1
9717,1
9718,2
9719,3
9720,1
9721,2
9722,3
9723,3
9724,2
9725,1
9726,3
9727,3
9728,1
9729,1
9730,3
9731,3
9732,3
9733,3
9734,3
9735,3
9736,3
9737,3
9738,3
9739,3
9740,2
9741,3
9742,3
9743,3
9744,1
9745,1
9746,3
9747,3
9748,3
9749,3
9750,3
9751,1
9752,3
9753,3
9754,3
9755,2
9756,3
9757,3
9758,3
9759,1
9760,3
9761,3
9762,3
9763,2
9764,1
9765,3
9766,2
9767,3
9768,3
9769,3
9770,3
9771,2
9772,3
9773,3
9774,3
9775,1
9776,4
9777,2
9778,4
9779,1
9780,3
9781,1
9782,3
9783,3
9784,3
9785,3
9786,3
9787,3
9788,1
9789,2
9790,3
9791,3
9792,2
9793,4
9794,3
9795,1
9796,3
9797,2
9798,3
9799,1
9800,3
9801,3
9802,2
9803,3
9804,3
9805,1
9806,3
9807,3
9808,2
9809,3
9810,3
9811,3
9812,3
9813,3
9814,3
9815,1
9816,1
9817,3
9818,2
9819,3
9820,3
9821,3
9822,2
9823,1
9824,3
9825,3
9826,3
9827,4
9828,3
9829,3
9830,3
9831,2
9832,3
9833,2
9834,3
9835,3
9836,3
9837,1
9838,2
9839,1
9840,1
9841,3
9842,1
9843,1
9844,3
9845,3
9846,2
9847,1
9848,3
9849,4
9850,2
9851,3
9852,1
9853,3
9854,1
9855,2
9856,3
9857,4
9858,3
9859,4
9860,4
9861,1
9862,2
9863,3
9864,3
9865,3
9866,3
9867,3
9868,3
9869,3
9870,3
9871,3
9872,3
9873,3
9874,3
9875,3
9876,4
9877,2
9878,3
9879,3
9880,1
9881,3
9882,3
9883,2
9884,3
9885,3
9886,1
9887,1
9888,3
9889,3
9890,2
9891,3
9892,4
9893,2
9894,3
9895,2
9896,3
9897,2
9898,2
9899,1
9900,1
9901,1
9902,3
9903,3
9904,2
9905,3
9906,3
9907,3
9908,3
9909,1
9910,3
9911,3
9912,3
9913,3
9914,1
9915,3
9916,2
9917,3
9918,2
9919,3
9920,3
9921,3
9922,3
9923,3
9924,3
9925,3
9926,3
9927,3
9928,3
9929,3
9930,3
9931,2
9932,3
9933,2
9934,3
9935,1
9936,3
9937,3
9938,3
9939,2
9940,2
9941,3
9942,2
9943,2
9944,4
9945,2
9946,3
9947,3
9948,1
9949,3
9950,3
9951,2
9952,3
9953,3
9954,1
9955,3
9956,3
9957,3
9958,3
9959,3
9960,2
9961,3
9962,1
9963,1
9964,3
9965,1
9966,3
9967,3
9968,3
9969,2
9970,1
9971,1
9972,3
9973,3
9974,3
9975,3
9976,4
9977,1
9978,3
9979,1
9980,2
9981,1
9982,3
9983,3
9984,2
9985,2
9986,3
9987,4
9988,3
9989,2
9990,1
9991,2
9992,3
9993,3
9994,2
9995,3
9996,1
9997,1
9998,2
9999,3
